Transakcja;Produkt
0;śledź
0;kukurydza
0;oliwki
0;szynka
0;indyk
0;burbon
0;lody
1;bagietka
1;soda
1;śledź
1;krakers
1;heineken
1;oliwki
1;kukurydza
2;awokado
2;krakers
2;karczoch
2;heineken
2;szynka
2;indyk
2;sardynki
3;oliwki
3;burbon
3;cola
3;indyk
3;lody
3;szynka
3;papryka
4;śledź
4;kukurydza
4;jabłka
4;oliwki
4;stek
4;awokado
4;indyk
5;sardynki
5;heineken
5;kurczak
5;cola
5;lody
5;papryka
5;szynka
6;oliwki
6;burbon
6;cola
6;indyk
6;lody
6;heineken
6;jabłka
7;kukurydza
7;papryka
7;burbon
7;krakers
7;kurczak
7;lody
7;bagietka
8;soda
8;oliwki
8;burbon
8;krakers
8;heineken
8;papryka
8;bagietka
9;kukurydza
9;papryka
9;burbon
9;krakers
9;kurczak
9;wino
9;śledź
10;bagietka
10;sardynki
10;jabłka
10;papryka
10;awokado
10;stek
10;indyk
11;bagietka
11;śledź
11;awokado
11;karczoch
11;heineken
11;jabłka
11;kukurydza
12;śledź
12;kukurydza
12;jabłka
12;oliwki
12;stek
12;sardynki
12;heineken
13;bagietka
13;sardynki
13;jabłka
13;papryka
13;awokado
13;stek
13;lody
14;śledź
14;kukurydza
14;oliwki
14;szynka
14;indyk
14;cola
14;jabłka
15;oliwki
15;burbon
15;cola
15;indyk
15;lody
15;karczoch
15;szynka
16;bagietka
16;śledź
16;awokado
16;karczoch
16;heineken
16;cola
16;indyk
17;sardynki
17;heineken
17;kurczak
17;cola
17;lody
17;kukurydza
17;jabłka
18;soda
18;oliwki
18;burbon
18;krakers
18;heineken
18;bagietka
18;papryka
19;soda
19;oliwki
19;burbon
19;krakers
19;heineken
19;stek
19;śledź
20;śledź
20;kukurydza
20;oliwki
20;szynka
20;indyk
20;jabłka
20;bagietka
21;bagietka
21;śledź
21;awokado
21;karczoch
21;heineken
21;burbon
21;kukurydza
22;soda
22;oliwki
22;burbon
22;krakers
22;heineken
22;karczoch
22;stek
23;soda
23;oliwki
23;burbon
23;krakers
23;heineken
23;kukurydza
23;śledź
24;sardynki
24;heineken
24;kurczak
24;cola
24;lody
24;jabłka
24;bagietka
25;sardynki
25;heineken
25;kurczak
25;cola
25;lody
25;kukurydza
25;papryka
26;oliwki
26;burbon
26;cola
26;indyk
26;lody
26;jabłka
26;bagietka
27;oliwki
27;burbon
27;cola
27;indyk
27;lody
27;soda
27;awokado
28;soda
28;oliwki
28;burbon
28;krakers
28;heineken
28;karczoch
28;papryka
29;oliwki
29;burbon
29;cola
29;indyk
29;lody
29;sardynki
29;soda
30;oliwki
30;burbon
30;cola
30;indyk
30;lody
30;soda
30;szynka
31;kukurydza
31;papryka
31;burbon
31;krakers
31;kurczak
31;śledź
31;cola
32;bagietka
32;sardynki
32;jabłka
32;papryka
32;awokado
32;kukurydza
32;kurczak
33;soda
33;oliwki
33;burbon
33;krakers
33;heineken
33;wino
33;szynka
34;bagietka
34;śledź
34;awokado
34;karczoch
34;heineken
34;wino
34;soda
35;śledź
35;kukurydza
35;oliwki
35;szynka
35;indyk
35;krakers
35;bagietka
36;awokado
36;krakers
36;karczoch
36;heineken
36;szynka
36;kukurydza
36;sardynki
37;soda
37;oliwki
37;burbon
37;krakers
37;heineken
37;jabłka
37;stek
38;bagietka
38;śledź
38;awokado
38;karczoch
38;heineken
38;soda
38;szynka
39;sardynki
39;heineken
39;kurczak
39;cola
39;lody
39;karczoch
39;stek
40;soda
40;oliwki
40;burbon
40;krakers
40;heineken
40;karczoch
40;cola
41;śledź
41;kukurydza
41;jabłka
41;oliwki
41;stek
41;bagietka
41;kurczak
42;sardynki
42;heineken
42;kurczak
42;cola
42;lody
42;krakers
42;stek
43;soda
43;oliwki
43;burbon
43;krakers
43;heineken
43;stek
43;śledź
44;śledź
44;kukurydza
44;oliwki
44;szynka
44;indyk
44;burbon
44;heineken
45;kukurydza
45;papryka
45;burbon
45;krakers
45;kurczak
45;lody
45;lody
46;bagietka
46;sardynki
46;jabłka
46;papryka
46;awokado
46;kurczak
46;stek
47;bagietka
47;soda
47;śledź
47;krakers
47;heineken
47;sardynki
47;karczoch
48;kukurydza
48;papryka
48;burbon
48;krakers
48;kurczak
48;indyk
48;lody
49;awokado
49;krakers
49;karczoch
49;heineken
49;szynka
49;sardynki
49;śledź
50;soda
50;oliwki
50;burbon
50;krakers
50;heineken
50;wino
50;awokado
51;bagietka
51;sardynki
51;jabłka
51;papryka
51;awokado
51;indyk
51;lody
52;bagietka
52;soda
52;śledź
52;krakers
52;heineken
52;oliwki
52;awokado
53;bagietka
53;śledź
53;awokado
53;karczoch
53;heineken
53;kukurydza
53;kurczak
54;śledź
54;kukurydza
54;oliwki
54;szynka
54;indyk
54;awokado
54;bagietka
55;bagietka
55;soda
55;śledź
55;krakers
55;heineken
55;kukurydza
55;szynka
56;sardynki
56;heineken
56;kurczak
56;cola
56;lody
56;oliwki
56;kukurydza
57;bagietka
57;soda
57;śledź
57;krakers
57;heineken
57;awokado
57;awokado
58;soda
58;oliwki
58;burbon
58;krakers
58;heineken
58;szynka
58;papryka
59;kukurydza
59;papryka
59;burbon
59;krakers
59;kurczak
59;stek
59;jabłka
60;bagietka
60;soda
60;śledź
60;krakers
60;heineken
60;karczoch
60;kurczak
61;awokado
61;krakers
61;karczoch
61;heineken
61;szynka
61;śledź
61;stek
62;śledź
62;kukurydza
62;jabłka
62;oliwki
62;stek
62;szynka
62;lody
63;bagietka
63;śledź
63;awokado
63;karczoch
63;heineken
63;stek
63;indyk
64;bagietka
64;sardynki
64;jabłka
64;papryka
64;awokado
64;wino
64;krakers
65;bagietka
65;soda
65;śledź
65;krakers
65;heineken
65;kurczak
65;kukurydza
66;bagietka
66;sardynki
66;jabłka
66;papryka
66;awokado
66;krakers
66;burbon
67;śledź
67;kukurydza
67;jabłka
67;oliwki
67;stek
67;cola
67;soda
68;oliwki
68;burbon
68;cola
68;indyk
68;lody
68;sardynki
68;awokado
69;kukurydza
69;papryka
69;burbon
69;krakers
69;kurczak
69;soda
69;lody
70;bagietka
70;sardynki
70;jabłka
70;papryka
70;awokado
70;burbon
70;burbon
71;śledź
71;kukurydza
71;oliwki
71;szynka
71;indyk
71;cola
71;jabłka
72;śledź
72;kukurydza
72;jabłka
72;oliwki
72;stek
72;soda
72;awokado
73;bagietka
73;sardynki
73;jabłka
73;papryka
73;awokado
73;indyk
73;soda
74;sardynki
74;heineken
74;kurczak
74;cola
74;lody
74;awokado
74;bagietka
75;kukurydza
75;papryka
75;burbon
75;krakers
75;kurczak
75;jabłka
75;cola
76;śledź
76;kukurydza
76;oliwki
76;szynka
76;indyk
76;papryka
76;krakers
77;oliwki
77;burbon
77;cola
77;indyk
77;lody
77;krakers
77;kukurydza
78;bagietka
78;śledź
78;awokado
78;karczoch
78;heineken
78;szynka
78;jabłka
79;kukurydza
79;papryka
79;burbon
79;krakers
79;kurczak
79;stek
79;indyk
80;awokado
80;krakers
80;karczoch
80;heineken
80;szynka
80;soda
80;stek
81;awokado
81;krakers
81;karczoch
81;heineken
81;szynka
81;kukurydza
81;bagietka
82;kukurydza
82;papryka
82;burbon
82;krakers
82;kurczak
82;śledź
82;jabłka
83;śledź
83;kukurydza
83;jabłka
83;oliwki
83;stek
83;cola
83;szynka
84;awokado
84;krakers
84;karczoch
84;heineken
84;szynka
84;śledź
84;soda
85;śledź
85;kukurydza
85;jabłka
85;oliwki
85;stek
85;bagietka
85;indyk
86;śledź
86;kukurydza
86;oliwki
86;szynka
86;indyk
86;kurczak
86;cola
87;śledź
87;kukurydza
87;jabłka
87;oliwki
87;stek
87;cola
87;karczoch
88;śledź
88;kukurydza
88;oliwki
88;szynka
88;indyk
88;jabłka
88;lody
89;awokado
89;krakers
89;karczoch
89;heineken
89;szynka
89;stek
89;oliwki
90;bagietka
90;soda
90;śledź
90;krakers
90;heineken
90;papryka
90;kukurydza
91;bagietka
91;śledź
91;awokado
91;karczoch
91;heineken
91;wino
91;kukurydza
92;bagietka
92;soda
92;śledź
92;krakers
92;heineken
92;lody
92;kurczak
93;soda
93;oliwki
93;burbon
93;krakers
93;heineken
93;jabłka
93;kukurydza
94;kukurydza
94;papryka
94;burbon
94;krakers
94;kurczak
94;jabłka
94;cola
95;śledź
95;kukurydza
95;oliwki
95;szynka
95;indyk
95;lody
95;karczoch
96;sardynki
96;heineken
96;kurczak
96;cola
96;lody
96;kukurydza
96;kukurydza
97;oliwki
97;burbon
97;cola
97;indyk
97;lody
97;heineken
97;soda
98;soda
98;oliwki
98;burbon
98;krakers
98;heineken
98;stek
98;sardynki
99;śledź
99;kukurydza
99;jabłka
99;oliwki
99;stek
99;papryka
99;bagietka
100;bagietka
100;sardynki
100;jabłka
100;papryka
100;awokado
100;soda
100;cola
101;śledź
101;kukurydza
101;oliwki
101;szynka
101;indyk
101;papryka
101;lody
102;śledź
102;kukurydza
102;oliwki
102;szynka
102;indyk
102;burbon
102;burbon
103;bagietka
103;soda
103;śledź
103;krakers
103;heineken
103;papryka
103;sardynki
104;awokado
104;krakers
104;karczoch
104;heineken
104;szynka
104;kukurydza
104;sardynki
105;śledź
105;kukurydza
105;jabłka
105;oliwki
105;stek
105;bagietka
105;szynka
106;kukurydza
106;papryka
106;burbon
106;krakers
106;kurczak
106;bagietka
106;śledź
107;sardynki
107;heineken
107;kurczak
107;cola
107;lody
107;szynka
107;kukurydza
108;bagietka
108;śledź
108;awokado
108;karczoch
108;heineken
108;szynka
108;kukurydza
109;soda
109;oliwki
109;burbon
109;krakers
109;heineken
109;awokado
109;kurczak
110;bagietka
110;sardynki
110;jabłka
110;papryka
110;awokado
110;heineken
110;śledź
111;sardynki
111;heineken
111;kurczak
111;cola
111;lody
111;wino
111;oliwki
112;bagietka
112;sardynki
112;jabłka
112;papryka
112;awokado
112;kurczak
112;indyk
113;sardynki
113;heineken
113;kurczak
113;cola
113;lody
113;indyk
113;śledź
114;oliwki
114;burbon
114;cola
114;indyk
114;lody
114;stek
114;heineken
115;soda
115;oliwki
115;burbon
115;krakers
115;heineken
115;szynka
115;awokado
116;śledź
116;kukurydza
116;oliwki
116;szynka
116;indyk
116;burbon
116;sardynki
117;sardynki
117;heineken
117;kurczak
117;cola
117;lody
117;jabłka
117;jabłka
118;oliwki
118;burbon
118;cola
118;indyk
118;lody
118;śledź
118;szynka
119;śledź
119;kukurydza
119;jabłka
119;oliwki
119;stek
119;kurczak
119;szynka
120;bagietka
120;śledź
120;awokado
120;karczoch
120;heineken
120;kurczak
120;krakers
121;bagietka
121;sardynki
121;jabłka
121;papryka
121;awokado
121;kurczak
121;karczoch
122;bagietka
122;soda
122;śledź
122;krakers
122;heineken
122;burbon
122;papryka
123;soda
123;oliwki
123;burbon
123;krakers
123;heineken
123;lody
123;sardynki
124;bagietka
124;śledź
124;awokado
124;karczoch
124;heineken
124;soda
124;kurczak
125;kukurydza
125;papryka
125;burbon
125;krakers
125;kurczak
125;soda
125;lody
126;śledź
126;kukurydza
126;oliwki
126;szynka
126;indyk
126;krakers
126;stek
127;oliwki
127;burbon
127;cola
127;indyk
127;lody
127;papryka
127;kurczak
128;soda
128;oliwki
128;burbon
128;krakers
128;heineken
128;cola
128;kurczak
129;oliwki
129;burbon
129;cola
129;indyk
129;lody
129;papryka
129;awokado
130;awokado
130;krakers
130;karczoch
130;heineken
130;szynka
130;kurczak
130;kukurydza
131;bagietka
131;soda
131;śledź
131;krakers
131;heineken
131;awokado
131;kurczak
132;śledź
132;kukurydza
132;oliwki
132;szynka
132;indyk
132;jabłka
132;stek
133;soda
133;oliwki
133;burbon
133;krakers
133;heineken
133;szynka
133;śledź
134;bagietka
134;śledź
134;awokado
134;karczoch
134;heineken
134;jabłka
134;indyk
135;sardynki
135;heineken
135;kurczak
135;cola
135;lody
135;śledź
135;papryka
136;oliwki
136;burbon
136;cola
136;indyk
136;lody
136;krakers
136;bagietka
137;śledź
137;kukurydza
137;oliwki
137;szynka
137;indyk
137;kurczak
137;lody
138;sardynki
138;heineken
138;kurczak
138;cola
138;lody
138;indyk
138;szynka
139;awokado
139;krakers
139;karczoch
139;heineken
139;szynka
139;kurczak
139;kukurydza
140;bagietka
140;śledź
140;awokado
140;karczoch
140;heineken
140;kurczak
140;papryka
141;soda
141;oliwki
141;burbon
141;krakers
141;heineken
141;wino
141;awokado
142;sardynki
142;heineken
142;kurczak
142;cola
142;lody
142;jabłka
142;soda
143;awokado
143;krakers
143;karczoch
143;heineken
143;szynka
143;wino
143;cola
144;bagietka
144;śledź
144;awokado
144;karczoch
144;heineken
144;burbon
144;jabłka
145;śledź
145;kukurydza
145;oliwki
145;szynka
145;indyk
145;cola
145;heineken
146;awokado
146;krakers
146;karczoch
146;heineken
146;szynka
146;oliwki
146;kurczak
147;soda
147;oliwki
147;burbon
147;krakers
147;heineken
147;jabłka
147;kukurydza
148;oliwki
148;burbon
148;cola
148;indyk
148;lody
148;wino
148;soda
149;awokado
149;krakers
149;karczoch
149;heineken
149;szynka
149;stek
149;kurczak
150;śledź
150;kukurydza
150;oliwki
150;szynka
150;indyk
150;soda
150;krakers
151;kukurydza
151;papryka
151;burbon
151;krakers
151;kurczak
151;stek
151;jabłka
152;bagietka
152;soda
152;śledź
152;krakers
152;heineken
152;awokado
152;indyk
153;oliwki
153;burbon
153;cola
153;indyk
153;lody
153;karczoch
153;jabłka
154;bagietka
154;sardynki
154;jabłka
154;papryka
154;awokado
154;stek
154;indyk
155;kukurydza
155;papryka
155;burbon
155;krakers
155;kurczak
155;sardynki
155;oliwki
156;bagietka
156;śledź
156;awokado
156;karczoch
156;heineken
156;oliwki
156;burbon
157;awokado
157;krakers
157;karczoch
157;heineken
157;szynka
157;indyk
157;lody
158;kukurydza
158;papryka
158;burbon
158;krakers
158;kurczak
158;śledź
158;sardynki
159;śledź
159;kukurydza
159;oliwki
159;szynka
159;indyk
159;karczoch
159;kurczak
160;śledź
160;kukurydza
160;jabłka
160;oliwki
160;stek
160;papryka
160;papryka
161;bagietka
161;sardynki
161;jabłka
161;papryka
161;awokado
161;oliwki
161;karczoch
162;bagietka
162;śledź
162;awokado
162;karczoch
162;heineken
162;kurczak
162;burbon
163;bagietka
163;sardynki
163;jabłka
163;papryka
163;awokado
163;szynka
163;cola
164;sardynki
164;heineken
164;kurczak
164;cola
164;lody
164;burbon
164;awokado
165;awokado
165;krakers
165;karczoch
165;heineken
165;szynka
165;wino
165;kurczak
166;śledź
166;kukurydza
166;oliwki
166;szynka
166;indyk
166;soda
166;papryka
167;kukurydza
167;papryka
167;burbon
167;krakers
167;kurczak
167;śledź
167;soda
168;śledź
168;kukurydza
168;oliwki
168;szynka
168;indyk
168;lody
168;sardynki
169;awokado
169;krakers
169;karczoch
169;heineken
169;szynka
169;burbon
169;soda
170;awokado
170;krakers
170;karczoch
170;heineken
170;szynka
170;sardynki
170;papryka
171;kukurydza
171;papryka
171;burbon
171;krakers
171;kurczak
171;heineken
171;szynka
172;bagietka
172;śledź
172;awokado
172;karczoch
172;heineken
172;oliwki
172;papryka
173;soda
173;oliwki
173;burbon
173;krakers
173;heineken
173;kukurydza
173;bagietka
174;oliwki
174;burbon
174;cola
174;indyk
174;lody
174;stek
174;heineken
175;bagietka
175;soda
175;śledź
175;krakers
175;heineken
175;burbon
175;kukurydza
176;sardynki
176;heineken
176;kurczak
176;cola
176;lody
176;krakers
176;szynka
177;śledź
177;kukurydza
177;jabłka
177;oliwki
177;stek
177;awokado
177;awokado
178;kukurydza
178;papryka
178;burbon
178;krakers
178;kurczak
178;szynka
178;śledź
179;bagietka
179;soda
179;śledź
179;krakers
179;heineken
179;oliwki
179;lody
180;oliwki
180;burbon
180;cola
180;indyk
180;lody
180;papryka
180;stek
181;śledź
181;kukurydza
181;jabłka
181;oliwki
181;stek
181;burbon
181;heineken
182;bagietka
182;sardynki
182;jabłka
182;papryka
182;awokado
182;krakers
182;oliwki
183;kukurydza
183;papryka
183;burbon
183;krakers
183;kurczak
183;indyk
183;jabłka
184;awokado
184;krakers
184;karczoch
184;heineken
184;szynka
184;stek
184;soda
185;śledź
185;kukurydza
185;oliwki
185;szynka
185;indyk
185;bagietka
185;heineken
186;awokado
186;krakers
186;karczoch
186;heineken
186;szynka
186;jabłka
186;kurczak
187;bagietka
187;soda
187;śledź
187;krakers
187;heineken
187;wino
187;cola
188;sardynki
188;heineken
188;kurczak
188;cola
188;lody
188;śledź
188;burbon
189;sardynki
189;heineken
189;kurczak
189;cola
189;lody
189;śledź
189;jabłka
190;oliwki
190;burbon
190;cola
190;indyk
190;lody
190;krakers
190;stek
191;śledź
191;kukurydza
191;jabłka
191;oliwki
191;stek
191;burbon
191;papryka
192;awokado
192;krakers
192;karczoch
192;heineken
192;szynka
192;burbon
192;śledź
193;bagietka
193;śledź
193;awokado
193;karczoch
193;heineken
193;wino
193;sardynki
194;oliwki
194;burbon
194;cola
194;indyk
194;lody
194;wino
194;heineken
195;śledź
195;kukurydza
195;oliwki
195;szynka
195;indyk
195;lody
195;soda
196;śledź
196;kukurydza
196;jabłka
196;oliwki
196;stek
196;heineken
196;szynka
197;oliwki
197;burbon
197;cola
197;indyk
197;lody
197;papryka
197;karczoch
198;sardynki
198;heineken
198;kurczak
198;cola
198;lody
198;wino
198;oliwki
199;oliwki
199;burbon
199;cola
199;indyk
199;lody
199;heineken
199;krakers
200;kukurydza
200;papryka
200;burbon
200;krakers
200;kurczak
200;szynka
200;soda
201;bagietka
201;śledź
201;awokado
201;karczoch
201;heineken
201;stek
201;sardynki
202;śledź
202;kukurydza
202;jabłka
202;oliwki
202;stek
202;kurczak
202;cola
203;bagietka
203;sardynki
203;jabłka
203;papryka
203;awokado
203;heineken
203;lody
204;śledź
204;kukurydza
204;oliwki
204;szynka
204;indyk
204;awokado
204;stek
205;awokado
205;krakers
205;karczoch
205;heineken
205;szynka
205;lody
205;sardynki
206;śledź
206;kukurydza
206;jabłka
206;oliwki
206;stek
206;sardynki
206;burbon
207;bagietka
207;sardynki
207;jabłka
207;papryka
207;awokado
207;stek
207;lody
208;awokado
208;krakers
208;karczoch
208;heineken
208;szynka
208;sardynki
208;kukurydza
209;kukurydza
209;papryka
209;burbon
209;krakers
209;kurczak
209;cola
209;śledź
210;bagietka
210;sardynki
210;jabłka
210;papryka
210;awokado
210;kukurydza
210;soda
211;awokado
211;krakers
211;karczoch
211;heineken
211;szynka
211;soda
211;cola
212;bagietka
212;śledź
212;awokado
212;karczoch
212;heineken
212;soda
212;lody
213;bagietka
213;śledź
213;awokado
213;karczoch
213;heineken
213;kurczak
213;cola
214;sardynki
214;heineken
214;kurczak
214;cola
214;lody
214;karczoch
214;bagietka
215;oliwki
215;burbon
215;cola
215;indyk
215;lody
215;heineken
215;bagietka
216;śledź
216;kukurydza
216;jabłka
216;oliwki
216;stek
216;krakers
216;kurczak
217;bagietka
217;śledź
217;awokado
217;karczoch
217;heineken
217;jabłka
217;papryka
218;śledź
218;kukurydza
218;jabłka
218;oliwki
218;stek
218;szynka
218;heineken
219;śledź
219;kukurydza
219;jabłka
219;oliwki
219;stek
219;wino
219;awokado
220;sardynki
220;heineken
220;kurczak
220;cola
220;lody
220;oliwki
220;soda
221;soda
221;oliwki
221;burbon
221;krakers
221;heineken
221;indyk
221;stek
222;soda
222;oliwki
222;burbon
222;krakers
222;heineken
222;indyk
222;kukurydza
223;śledź
223;kukurydza
223;jabłka
223;oliwki
223;stek
223;sardynki
223;lody
224;soda
224;oliwki
224;burbon
224;krakers
224;heineken
224;sardynki
224;kurczak
225;sardynki
225;heineken
225;kurczak
225;cola
225;lody
225;jabłka
225;karczoch
226;kukurydza
226;papryka
226;burbon
226;krakers
226;kurczak
226;indyk
226;jabłka
227;oliwki
227;burbon
227;cola
227;indyk
227;lody
227;szynka
227;bagietka
228;bagietka
228;soda
228;śledź
228;krakers
228;heineken
228;indyk
228;indyk
229;oliwki
229;burbon
229;cola
229;indyk
229;lody
229;karczoch
229;jabłka
230;awokado
230;krakers
230;karczoch
230;heineken
230;szynka
230;indyk
230;oliwki
231;śledź
231;kukurydza
231;jabłka
231;oliwki
231;stek
231;awokado
231;burbon
232;bagietka
232;śledź
232;awokado
232;karczoch
232;heineken
232;soda
232;oliwki
233;śledź
233;kukurydza
233;jabłka
233;oliwki
233;stek
233;papryka
233;papryka
234;śledź
234;kukurydza
234;jabłka
234;oliwki
234;stek
234;karczoch
234;awokado
235;bagietka
235;śledź
235;awokado
235;karczoch
235;heineken
235;krakers
235;jabłka
236;awokado
236;krakers
236;karczoch
236;heineken
236;szynka
236;wino
236;stek
237;bagietka
237;śledź
237;awokado
237;karczoch
237;heineken
237;burbon
237;szynka
238;awokado
238;krakers
238;karczoch
238;heineken
238;szynka
238;burbon
238;jabłka
239;śledź
239;kukurydza
239;jabłka
239;oliwki
239;stek
239;bagietka
239;burbon
240;bagietka
240;sardynki
240;jabłka
240;papryka
240;awokado
240;oliwki
240;krakers
241;bagietka
241;sardynki
241;jabłka
241;papryka
241;awokado
241;burbon
241;burbon
242;sardynki
242;heineken
242;kurczak
242;cola
242;lody
242;papryka
242;burbon
243;sardynki
243;heineken
243;kurczak
243;cola
243;lody
243;śledź
243;jabłka
244;awokado
244;krakers
244;karczoch
244;heineken
244;szynka
244;jabłka
244;lody
245;sardynki
245;heineken
245;kurczak
245;cola
245;lody
245;burbon
245;karczoch
246;oliwki
246;burbon
246;cola
246;indyk
246;lody
246;bagietka
246;stek
247;oliwki
247;burbon
247;cola
247;indyk
247;lody
247;krakers
247;kurczak
248;bagietka
248;śledź
248;awokado
248;karczoch
248;heineken
248;stek
248;kukurydza
249;sardynki
249;heineken
249;kurczak
249;cola
249;lody
249;jabłka
249;indyk
250;oliwki
250;burbon
250;cola
250;indyk
250;lody
250;soda
250;sardynki
251;śledź
251;kukurydza
251;jabłka
251;oliwki
251;stek
251;wino
251;karczoch
252;awokado
252;krakers
252;karczoch
252;heineken
252;szynka
252;kukurydza
252;kurczak
253;bagietka
253;soda
253;śledź
253;krakers
253;heineken
253;awokado
253;karczoch
254;oliwki
254;burbon
254;cola
254;indyk
254;lody
254;wino
254;szynka
255;awokado
255;krakers
255;karczoch
255;heineken
255;szynka
255;śledź
255;lody
256;sardynki
256;heineken
256;kurczak
256;cola
256;lody
256;karczoch
256;stek
257;soda
257;oliwki
257;burbon
257;krakers
257;heineken
257;kurczak
257;śledź
258;bagietka
258;śledź
258;awokado
258;karczoch
258;heineken
258;wino
258;soda
259;soda
259;oliwki
259;burbon
259;krakers
259;heineken
259;awokado
259;awokado
260;bagietka
260;sardynki
260;jabłka
260;papryka
260;awokado
260;burbon
260;karczoch
261;sardynki
261;heineken
261;kurczak
261;cola
261;lody
261;śledź
261;szynka
262;bagietka
262;sardynki
262;jabłka
262;papryka
262;awokado
262;karczoch
262;soda
263;śledź
263;kukurydza
263;oliwki
263;szynka
263;indyk
263;burbon
263;papryka
264;kukurydza
264;papryka
264;burbon
264;krakers
264;kurczak
264;bagietka
264;heineken
265;śledź
265;kukurydza
265;oliwki
265;szynka
265;indyk
265;heineken
265;burbon
266;soda
266;oliwki
266;burbon
266;krakers
266;heineken
266;papryka
266;awokado
267;bagietka
267;soda
267;śledź
267;krakers
267;heineken
267;karczoch
267;awokado
268;sardynki
268;heineken
268;kurczak
268;cola
268;lody
268;burbon
268;kukurydza
269;oliwki
269;burbon
269;cola
269;indyk
269;lody
269;jabłka
269;papryka
270;bagietka
270;sardynki
270;jabłka
270;papryka
270;awokado
270;kukurydza
270;krakers
271;awokado
271;krakers
271;karczoch
271;heineken
271;szynka
271;stek
271;kukurydza
272;soda
272;oliwki
272;burbon
272;krakers
272;heineken
272;stek
272;lody
273;awokado
273;krakers
273;karczoch
273;heineken
273;szynka
273;soda
273;stek
274;soda
274;oliwki
274;burbon
274;krakers
274;heineken
274;szynka
274;bagietka
275;bagietka
275;sardynki
275;jabłka
275;papryka
275;awokado
275;krakers
275;stek
276;soda
276;oliwki
276;burbon
276;krakers
276;heineken
276;stek
276;stek
277;śledź
277;kukurydza
277;jabłka
277;oliwki
277;stek
277;lody
277;cola
278;kukurydza
278;papryka
278;burbon
278;krakers
278;kurczak
278;szynka
278;heineken
279;sardynki
279;heineken
279;kurczak
279;cola
279;lody
279;krakers
279;soda
280;śledź
280;kukurydza
280;oliwki
280;szynka
280;indyk
280;kurczak
280;cola
281;bagietka
281;sardynki
281;jabłka
281;papryka
281;awokado
281;stek
281;krakers
282;śledź
282;kukurydza
282;jabłka
282;oliwki
282;stek
282;karczoch
282;karczoch
283;śledź
283;kukurydza
283;jabłka
283;oliwki
283;stek
283;wino
283;szynka
284;oliwki
284;burbon
284;cola
284;indyk
284;lody
284;sardynki
284;heineken
285;awokado
285;krakers
285;karczoch
285;heineken
285;szynka
285;wino
285;kurczak
286;oliwki
286;burbon
286;cola
286;indyk
286;lody
286;jabłka
286;bagietka
287;śledź
287;kukurydza
287;oliwki
287;szynka
287;indyk
287;awokado
287;heineken
288;bagietka
288;soda
288;śledź
288;krakers
288;heineken
288;papryka
288;awokado
289;śledź
289;kukurydza
289;jabłka
289;oliwki
289;stek
289;szynka
289;bagietka
290;śledź
290;kukurydza
290;jabłka
290;oliwki
290;stek
290;soda
290;bagietka
291;soda
291;oliwki
291;burbon
291;krakers
291;heineken
291;kurczak
291;jabłka
292;śledź
292;kukurydza
292;oliwki
292;szynka
292;indyk
292;bagietka
292;soda
293;bagietka
293;soda
293;śledź
293;krakers
293;heineken
293;lody
293;awokado
294;bagietka
294;śledź
294;awokado
294;karczoch
294;heineken
294;lody
294;szynka
295;kukurydza
295;papryka
295;burbon
295;krakers
295;kurczak
295;stek
295;szynka
296;bagietka
296;sardynki
296;jabłka
296;papryka
296;awokado
296;burbon
296;karczoch
297;sardynki
297;heineken
297;kurczak
297;cola
297;lody
297;wino
297;kukurydza
298;śledź
298;kukurydza
298;jabłka
298;oliwki
298;stek
298;awokado
298;karczoch
299;bagietka
299;śledź
299;awokado
299;karczoch
299;heineken
299;kurczak
299;indyk
300;sardynki
300;heineken
300;kurczak
300;cola
300;lody
300;stek
300;śledź
301;bagietka
301;sardynki
301;jabłka
301;papryka
301;awokado
301;kukurydza
301;stek
302;bagietka
302;soda
302;śledź
302;krakers
302;heineken
302;burbon
302;sardynki
303;kukurydza
303;papryka
303;burbon
303;krakers
303;kurczak
303;jabłka
303;heineken
304;śledź
304;kukurydza
304;oliwki
304;szynka
304;indyk
304;papryka
304;krakers
305;śledź
305;kukurydza
305;jabłka
305;oliwki
305;stek
305;wino
305;cola
306;śledź
306;kukurydza
306;jabłka
306;oliwki
306;stek
306;soda
306;karczoch
307;sardynki
307;heineken
307;kurczak
307;cola
307;lody
307;śledź
307;krakers
308;kukurydza
308;papryka
308;burbon
308;krakers
308;kurczak
308;sardynki
308;szynka
309;bagietka
309;soda
309;śledź
309;krakers
309;heineken
309;indyk
309;stek
310;śledź
310;kukurydza
310;oliwki
310;szynka
310;indyk
310;cola
310;sardynki
311;bagietka
311;soda
311;śledź
311;krakers
311;heineken
311;jabłka
311;szynka
312;bagietka
312;sardynki
312;jabłka
312;papryka
312;awokado
312;soda
312;kurczak
313;śledź
313;kukurydza
313;jabłka
313;oliwki
313;stek
313;heineken
313;sardynki
314;śledź
314;kukurydza
314;jabłka
314;oliwki
314;stek
314;indyk
314;cola
315;śledź
315;kukurydza
315;oliwki
315;szynka
315;indyk
315;jabłka
315;stek
316;oliwki
316;burbon
316;cola
316;indyk
316;lody
316;szynka
316;kukurydza
317;oliwki
317;burbon
317;cola
317;indyk
317;lody
317;heineken
317;bagietka
318;śledź
318;kukurydza
318;oliwki
318;szynka
318;indyk
318;krakers
318;awokado
319;bagietka
319;śledź
319;awokado
319;karczoch
319;heineken
319;papryka
319;stek
320;kukurydza
320;papryka
320;burbon
320;krakers
320;kurczak
320;oliwki
320;indyk
321;bagietka
321;sardynki
321;jabłka
321;papryka
321;awokado
321;wino
321;heineken
322;śledź
322;kukurydza
322;oliwki
322;szynka
322;indyk
322;stek
322;stek
323;bagietka
323;soda
323;śledź
323;krakers
323;heineken
323;papryka
323;papryka
324;sardynki
324;heineken
324;kurczak
324;cola
324;lody
324;szynka
324;burbon
325;sardynki
325;heineken
325;kurczak
325;cola
325;lody
325;soda
325;awokado
326;kukurydza
326;papryka
326;burbon
326;krakers
326;kurczak
326;indyk
326;cola
327;soda
327;oliwki
327;burbon
327;krakers
327;heineken
327;kukurydza
327;papryka
328;soda
328;oliwki
328;burbon
328;krakers
328;heineken
328;wino
328;karczoch
329;awokado
329;krakers
329;karczoch
329;heineken
329;szynka
329;cola
329;lody
330;śledź
330;kukurydza
330;oliwki
330;szynka
330;indyk
330;soda
330;jabłka
331;kukurydza
331;papryka
331;burbon
331;krakers
331;kurczak
331;heineken
331;jabłka
332;bagietka
332;soda
332;śledź
332;krakers
332;heineken
332;kurczak
332;oliwki
333;bagietka
333;soda
333;śledź
333;krakers
333;heineken
333;indyk
333;sardynki
334;oliwki
334;burbon
334;cola
334;indyk
334;lody
334;krakers
334;heineken
335;soda
335;oliwki
335;burbon
335;krakers
335;heineken
335;wino
335;kurczak
336;bagietka
336;śledź
336;awokado
336;karczoch
336;heineken
336;kukurydza
336;jabłka
337;sardynki
337;heineken
337;kurczak
337;cola
337;lody
337;kukurydza
337;oliwki
338;kukurydza
338;papryka
338;burbon
338;krakers
338;kurczak
338;bagietka
338;szynka
339;śledź
339;kukurydza
339;oliwki
339;szynka
339;indyk
339;stek
339;kurczak
340;sardynki
340;heineken
340;kurczak
340;cola
340;lody
340;awokado
340;szynka
341;oliwki
341;burbon
341;cola
341;indyk
341;lody
341;papryka
341;śledź
342;soda
342;oliwki
342;burbon
342;krakers
342;heineken
342;śledź
342;jabłka
343;śledź
343;kukurydza
343;jabłka
343;oliwki
343;stek
343;krakers
343;lody
344;bagietka
344;soda
344;śledź
344;krakers
344;heineken
344;papryka
344;lody
345;bagietka
345;soda
345;śledź
345;krakers
345;heineken
345;cola
345;oliwki
346;kukurydza
346;papryka
346;burbon
346;krakers
346;kurczak
346;szynka
346;heineken
347;bagietka
347;sardynki
347;jabłka
347;papryka
347;awokado
347;oliwki
347;heineken
348;oliwki
348;burbon
348;cola
348;indyk
348;lody
348;kukurydza
348;sardynki
349;sardynki
349;heineken
349;kurczak
349;cola
349;lody
349;soda
349;burbon
350;bagietka
350;soda
350;śledź
350;krakers
350;heineken
350;kukurydza
350;szynka
351;soda
351;oliwki
351;burbon
351;krakers
351;heineken
351;stek
351;śledź
352;bagietka
352;soda
352;śledź
352;krakers
352;heineken
352;kukurydza
352;sardynki
353;awokado
353;krakers
353;karczoch
353;heineken
353;szynka
353;burbon
353;papryka
354;soda
354;oliwki
354;burbon
354;krakers
354;heineken
354;jabłka
354;sardynki
355;bagietka
355;śledź
355;awokado
355;karczoch
355;heineken
355;burbon
355;burbon
356;bagietka
356;śledź
356;awokado
356;karczoch
356;heineken
356;sardynki
356;kukurydza
357;śledź
357;kukurydza
357;oliwki
357;szynka
357;indyk
357;karczoch
357;krakers
358;bagietka
358;śledź
358;awokado
358;karczoch
358;heineken
358;oliwki
358;kukurydza
359;kukurydza
359;papryka
359;burbon
359;krakers
359;kurczak
359;oliwki
359;szynka
360;awokado
360;krakers
360;karczoch
360;heineken
360;szynka
360;bagietka
360;kukurydza
361;śledź
361;kukurydza
361;jabłka
361;oliwki
361;stek
361;krakers
361;cola
362;bagietka
362;śledź
362;awokado
362;karczoch
362;heineken
362;burbon
362;kukurydza
363;bagietka
363;sardynki
363;jabłka
363;papryka
363;awokado
363;indyk
363;indyk
364;kukurydza
364;papryka
364;burbon
364;krakers
364;kurczak
364;oliwki
364;oliwki
365;kukurydza
365;papryka
365;burbon
365;krakers
365;kurczak
365;oliwki
365;lody
366;sardynki
366;heineken
366;kurczak
366;cola
366;lody
366;wino
366;bagietka
367;śledź
367;kukurydza
367;jabłka
367;oliwki
367;stek
367;szynka
367;awokado
368;śledź
368;kukurydza
368;oliwki
368;szynka
368;indyk
368;soda
368;stek
369;bagietka
369;śledź
369;awokado
369;karczoch
369;heineken
369;burbon
369;indyk
370;bagietka
370;soda
370;śledź
370;krakers
370;heineken
370;lody
370;stek
371;soda
371;oliwki
371;burbon
371;krakers
371;heineken
371;wino
371;bagietka
372;sardynki
372;heineken
372;kurczak
372;cola
372;lody
372;indyk
372;szynka
373;oliwki
373;burbon
373;cola
373;indyk
373;lody
373;papryka
373;kurczak
374;bagietka
374;soda
374;śledź
374;krakers
374;heineken
374;oliwki
374;oliwki
375;śledź
375;kukurydza
375;jabłka
375;oliwki
375;stek
375;cola
375;krakers
376;awokado
376;krakers
376;karczoch
376;heineken
376;szynka
376;soda
376;papryka
377;bagietka
377;śledź
377;awokado
377;karczoch
377;heineken
377;indyk
377;burbon
378;awokado
378;krakers
378;karczoch
378;heineken
378;szynka
378;sardynki
378;indyk
379;bagietka
379;śledź
379;awokado
379;karczoch
379;heineken
379;wino
379;soda
380;śledź
380;kukurydza
380;oliwki
380;szynka
380;indyk
380;heineken
380;heineken
381;bagietka
381;sardynki
381;jabłka
381;papryka
381;awokado
381;wino
381;cola
382;soda
382;oliwki
382;burbon
382;krakers
382;heineken
382;indyk
382;kurczak
383;kukurydza
383;papryka
383;burbon
383;krakers
383;kurczak
383;szynka
383;awokado
384;bagietka
384;sardynki
384;jabłka
384;papryka
384;awokado
384;soda
384;stek
385;awokado
385;krakers
385;karczoch
385;heineken
385;szynka
385;jabłka
385;soda
386;śledź
386;kukurydza
386;oliwki
386;szynka
386;indyk
386;bagietka
386;lody
387;śledź
387;kukurydza
387;oliwki
387;szynka
387;indyk
387;soda
387;awokado
388;sardynki
388;heineken
388;kurczak
388;cola
388;lody
388;krakers
388;papryka
389;śledź
389;kukurydza
389;oliwki
389;szynka
389;indyk
389;papryka
389;awokado
390;bagietka
390;soda
390;śledź
390;krakers
390;heineken
390;papryka
390;jabłka
391;oliwki
391;burbon
391;cola
391;indyk
391;lody
391;szynka
391;bagietka
392;bagietka
392;sardynki
392;jabłka
392;papryka
392;awokado
392;oliwki
392;lody
393;bagietka
393;śledź
393;awokado
393;karczoch
393;heineken
393;papryka
393;szynka
394;bagietka
394;soda
394;śledź
394;krakers
394;heineken
394;burbon
394;kukurydza
395;awokado
395;krakers
395;karczoch
395;heineken
395;szynka
395;kurczak
395;soda
396;bagietka
396;soda
396;śledź
396;krakers
396;heineken
396;papryka
396;burbon
397;bagietka
397;sardynki
397;jabłka
397;papryka
397;awokado
397;wino
397;cola
398;śledź
398;kukurydza
398;oliwki
398;szynka
398;indyk
398;wino
398;papryka
399;soda
399;oliwki
399;burbon
399;krakers
399;heineken
399;cola
399;kukurydza
400;awokado
400;krakers
400;karczoch
400;heineken
400;szynka
400;lody
400;burbon
401;soda
401;oliwki
401;burbon
401;krakers
401;heineken
401;kukurydza
401;szynka
402;soda
402;oliwki
402;burbon
402;krakers
402;heineken
402;śledź
402;cola
403;śledź
403;kukurydza
403;oliwki
403;szynka
403;indyk
403;wino
403;lody
404;bagietka
404;sardynki
404;jabłka
404;papryka
404;awokado
404;heineken
404;kukurydza
405;kukurydza
405;papryka
405;burbon
405;krakers
405;kurczak
405;heineken
405;jabłka
406;bagietka
406;śledź
406;awokado
406;karczoch
406;heineken
406;stek
406;jabłka
407;soda
407;oliwki
407;burbon
407;krakers
407;heineken
407;stek
407;karczoch
408;bagietka
408;śledź
408;awokado
408;karczoch
408;heineken
408;stek
408;indyk
409;kukurydza
409;papryka
409;burbon
409;krakers
409;kurczak
409;lody
409;jabłka
410;bagietka
410;sardynki
410;jabłka
410;papryka
410;awokado
410;śledź
410;krakers
411;bagietka
411;soda
411;śledź
411;krakers
411;heineken
411;stek
411;stek
412;bagietka
412;śledź
412;awokado
412;karczoch
412;heineken
412;cola
412;indyk
413;bagietka
413;śledź
413;awokado
413;karczoch
413;heineken
413;soda
413;oliwki
414;kukurydza
414;papryka
414;burbon
414;krakers
414;kurczak
414;jabłka
414;stek
415;śledź
415;kukurydza
415;oliwki
415;szynka
415;indyk
415;stek
415;sardynki
416;awokado
416;krakers
416;karczoch
416;heineken
416;szynka
416;oliwki
416;lody
417;śledź
417;kukurydza
417;oliwki
417;szynka
417;indyk
417;krakers
417;awokado
418;oliwki
418;burbon
418;cola
418;indyk
418;lody
418;śledź
418;heineken
419;śledź
419;kukurydza
419;jabłka
419;oliwki
419;stek
419;burbon
419;kurczak
420;bagietka
420;soda
420;śledź
420;krakers
420;heineken
420;jabłka
420;cola
421;sardynki
421;heineken
421;kurczak
421;cola
421;lody
421;bagietka
421;indyk
422;kukurydza
422;papryka
422;burbon
422;krakers
422;kurczak
422;heineken
422;karczoch
423;bagietka
423;soda
423;śledź
423;krakers
423;heineken
423;jabłka
423;sardynki
424;śledź
424;kukurydza
424;oliwki
424;szynka
424;indyk
424;karczoch
424;awokado
425;sardynki
425;heineken
425;kurczak
425;cola
425;lody
425;wino
425;śledź
426;bagietka
426;sardynki
426;jabłka
426;papryka
426;awokado
426;soda
426;lody
427;bagietka
427;soda
427;śledź
427;krakers
427;heineken
427;karczoch
427;jabłka
428;awokado
428;krakers
428;karczoch
428;heineken
428;szynka
428;śledź
428;indyk
429;śledź
429;kukurydza
429;jabłka
429;oliwki
429;stek
429;kurczak
429;soda
430;awokado
430;krakers
430;karczoch
430;heineken
430;szynka
430;cola
430;soda
431;śledź
431;kukurydza
431;oliwki
431;szynka
431;indyk
431;awokado
431;soda
432;soda
432;oliwki
432;burbon
432;krakers
432;heineken
432;kurczak
432;jabłka
433;bagietka
433;śledź
433;awokado
433;karczoch
433;heineken
433;sardynki
433;papryka
434;sardynki
434;heineken
434;kurczak
434;cola
434;lody
434;krakers
434;bagietka
435;sardynki
435;heineken
435;kurczak
435;cola
435;lody
435;kukurydza
435;burbon
436;oliwki
436;burbon
436;cola
436;indyk
436;lody
436;papryka
436;jabłka
437;awokado
437;krakers
437;karczoch
437;heineken
437;szynka
437;lody
437;burbon
438;bagietka
438;soda
438;śledź
438;krakers
438;heineken
438;awokado
438;papryka
439;sardynki
439;heineken
439;kurczak
439;cola
439;lody
439;papryka
439;papryka
440;awokado
440;krakers
440;karczoch
440;heineken
440;szynka
440;kukurydza
440;kurczak
441;kukurydza
441;papryka
441;burbon
441;krakers
441;kurczak
441;bagietka
441;stek
442;bagietka
442;soda
442;śledź
442;krakers
442;heineken
442;burbon
442;papryka
443;bagietka
443;śledź
443;awokado
443;karczoch
443;heineken
443;indyk
443;jabłka
444;oliwki
444;burbon
444;cola
444;indyk
444;lody
444;stek
444;kurczak
445;bagietka
445;śledź
445;awokado
445;karczoch
445;heineken
445;szynka
445;burbon
446;bagietka
446;soda
446;śledź
446;krakers
446;heineken
446;szynka
446;jabłka
447;awokado
447;krakers
447;karczoch
447;heineken
447;szynka
447;wino
447;soda
448;śledź
448;kukurydza
448;jabłka
448;oliwki
448;stek
448;soda
448;cola
449;bagietka
449;soda
449;śledź
449;krakers
449;heineken
449;awokado
449;burbon
450;sardynki
450;heineken
450;kurczak
450;cola
450;lody
450;karczoch
450;bagietka
451;soda
451;oliwki
451;burbon
451;krakers
451;heineken
451;kukurydza
451;karczoch
452;bagietka
452;soda
452;śledź
452;krakers
452;heineken
452;kukurydza
452;oliwki
453;awokado
453;krakers
453;karczoch
453;heineken
453;szynka
453;cola
453;lody
454;oliwki
454;burbon
454;cola
454;indyk
454;lody
454;wino
454;jabłka
455;sardynki
455;heineken
455;kurczak
455;cola
455;lody
455;szynka
455;papryka
456;bagietka
456;śledź
456;awokado
456;karczoch
456;heineken
456;sardynki
456;jabłka
457;awokado
457;krakers
457;karczoch
457;heineken
457;szynka
457;stek
457;stek
458;sardynki
458;heineken
458;kurczak
458;cola
458;lody
458;indyk
458;burbon
459;oliwki
459;burbon
459;cola
459;indyk
459;lody
459;karczoch
459;heineken
460;soda
460;oliwki
460;burbon
460;krakers
460;heineken
460;kurczak
460;bagietka
461;sardynki
461;heineken
461;kurczak
461;cola
461;lody
461;jabłka
461;krakers
462;bagietka
462;sardynki
462;jabłka
462;papryka
462;awokado
462;heineken
462;kukurydza
463;bagietka
463;soda
463;śledź
463;krakers
463;heineken
463;szynka
463;sardynki
464;bagietka
464;sardynki
464;jabłka
464;papryka
464;awokado
464;śledź
464;soda
465;awokado
465;krakers
465;karczoch
465;heineken
465;szynka
465;indyk
465;lody
466;kukurydza
466;papryka
466;burbon
466;krakers
466;kurczak
466;soda
466;szynka
467;oliwki
467;burbon
467;cola
467;indyk
467;lody
467;krakers
467;bagietka
468;bagietka
468;soda
468;śledź
468;krakers
468;heineken
468;kukurydza
468;lody
469;kukurydza
469;papryka
469;burbon
469;krakers
469;kurczak
469;karczoch
469;karczoch
470;bagietka
470;soda
470;śledź
470;krakers
470;heineken
470;kukurydza
470;szynka
471;soda
471;oliwki
471;burbon
471;krakers
471;heineken
471;lody
471;indyk
472;bagietka
472;sardynki
472;jabłka
472;papryka
472;awokado
472;kukurydza
472;oliwki
473;soda
473;oliwki
473;burbon
473;krakers
473;heineken
473;karczoch
473;szynka
474;śledź
474;kukurydza
474;jabłka
474;oliwki
474;stek
474;papryka
474;burbon
475;soda
475;oliwki
475;burbon
475;krakers
475;heineken
475;papryka
475;karczoch
476;śledź
476;kukurydza
476;oliwki
476;szynka
476;indyk
476;wino
476;bagietka
477;awokado
477;krakers
477;karczoch
477;heineken
477;szynka
477;sardynki
477;lody
478;bagietka
478;soda
478;śledź
478;krakers
478;heineken
478;stek
478;stek
479;awokado
479;krakers
479;karczoch
479;heineken
479;szynka
479;śledź
479;papryka
480;oliwki
480;burbon
480;cola
480;indyk
480;lody
480;kurczak
480;kurczak
481;śledź
481;kukurydza
481;jabłka
481;oliwki
481;stek
481;kurczak
481;lody
482;śledź
482;kukurydza
482;oliwki
482;szynka
482;indyk
482;awokado
482;jabłka
483;bagietka
483;soda
483;śledź
483;krakers
483;heineken
483;stek
483;szynka
484;śledź
484;kukurydza
484;oliwki
484;szynka
484;indyk
484;cola
484;lody
485;bagietka
485;sardynki
485;jabłka
485;papryka
485;awokado
485;burbon
485;krakers
486;bagietka
486;soda
486;śledź
486;krakers
486;heineken
486;stek
486;awokado
487;śledź
487;kukurydza
487;jabłka
487;oliwki
487;stek
487;kurczak
487;indyk
488;bagietka
488;soda
488;śledź
488;krakers
488;heineken
488;kukurydza
488;indyk
489;sardynki
489;heineken
489;kurczak
489;cola
489;lody
489;szynka
489;kukurydza
490;śledź
490;kukurydza
490;oliwki
490;szynka
490;indyk
490;wino
490;papryka
491;kukurydza
491;papryka
491;burbon
491;krakers
491;kurczak
491;lody
491;śledź
492;śledź
492;kukurydza
492;jabłka
492;oliwki
492;stek
492;awokado
492;papryka
493;śledź
493;kukurydza
493;jabłka
493;oliwki
493;stek
493;karczoch
493;lody
494;sardynki
494;heineken
494;kurczak
494;cola
494;lody
494;oliwki
494;burbon
495;awokado
495;krakers
495;karczoch
495;heineken
495;szynka
495;burbon
495;soda
496;kukurydza
496;papryka
496;burbon
496;krakers
496;kurczak
496;oliwki
496;karczoch
497;bagietka
497;śledź
497;awokado
497;karczoch
497;heineken
497;oliwki
497;jabłka
498;sardynki
498;heineken
498;kurczak
498;cola
498;lody
498;awokado
498;papryka
499;śledź
499;kukurydza
499;oliwki
499;szynka
499;indyk
499;stek
499;jabłka
500;sardynki
500;heineken
500;kurczak
500;cola
500;lody
500;śledź
500;śledź
501;sardynki
501;heineken
501;kurczak
501;cola
501;lody
501;jabłka
501;kukurydza
502;śledź
502;kukurydza
502;jabłka
502;oliwki
502;stek
502;indyk
502;lody
503;bagietka
503;śledź
503;awokado
503;karczoch
503;heineken
503;jabłka
503;papryka
504;sardynki
504;heineken
504;kurczak
504;cola
504;lody
504;bagietka
504;śledź
505;soda
505;oliwki
505;burbon
505;krakers
505;heineken
505;kurczak
505;lody
506;bagietka
506;sardynki
506;jabłka
506;papryka
506;awokado
506;indyk
506;szynka
507;bagietka
507;soda
507;śledź
507;krakers
507;heineken
507;karczoch
507;indyk
508;bagietka
508;śledź
508;awokado
508;karczoch
508;heineken
508;krakers
508;kurczak
509;awokado
509;krakers
509;karczoch
509;heineken
509;szynka
509;lody
509;kukurydza
510;oliwki
510;burbon
510;cola
510;indyk
510;lody
510;heineken
510;stek
511;bagietka
511;sardynki
511;jabłka
511;papryka
511;awokado
511;stek
511;heineken
512;awokado
512;krakers
512;karczoch
512;heineken
512;szynka
512;cola
512;jabłka
513;kukurydza
513;papryka
513;burbon
513;krakers
513;kurczak
513;heineken
513;awokado
514;soda
514;oliwki
514;burbon
514;krakers
514;heineken
514;śledź
514;stek
515;oliwki
515;burbon
515;cola
515;indyk
515;lody
515;bagietka
515;kurczak
516;bagietka
516;soda
516;śledź
516;krakers
516;heineken
516;sardynki
516;oliwki
517;oliwki
517;burbon
517;cola
517;indyk
517;lody
517;śledź
517;heineken
518;soda
518;oliwki
518;burbon
518;krakers
518;heineken
518;papryka
518;szynka
519;kukurydza
519;papryka
519;burbon
519;krakers
519;kurczak
519;soda
519;sardynki
520;sardynki
520;heineken
520;kurczak
520;cola
520;lody
520;soda
520;bagietka
521;kukurydza
521;papryka
521;burbon
521;krakers
521;kurczak
521;karczoch
521;cola
522;sardynki
522;heineken
522;kurczak
522;cola
522;lody
522;karczoch
522;burbon
523;oliwki
523;burbon
523;cola
523;indyk
523;lody
523;awokado
523;sardynki
524;bagietka
524;sardynki
524;jabłka
524;papryka
524;awokado
524;krakers
524;krakers
525;awokado
525;krakers
525;karczoch
525;heineken
525;szynka
525;papryka
525;cola
526;śledź
526;kukurydza
526;jabłka
526;oliwki
526;stek
526;wino
526;awokado
527;bagietka
527;śledź
527;awokado
527;karczoch
527;heineken
527;papryka
527;szynka
528;bagietka
528;sardynki
528;jabłka
528;papryka
528;awokado
528;heineken
528;szynka
529;bagietka
529;śledź
529;awokado
529;karczoch
529;heineken
529;burbon
529;kurczak
530;bagietka
530;soda
530;śledź
530;krakers
530;heineken
530;sardynki
530;karczoch
531;sardynki
531;heineken
531;kurczak
531;cola
531;lody
531;karczoch
531;indyk
532;kukurydza
532;papryka
532;burbon
532;krakers
532;kurczak
532;śledź
532;karczoch
533;soda
533;oliwki
533;burbon
533;krakers
533;heineken
533;lody
533;lody
534;bagietka
534;sardynki
534;jabłka
534;papryka
534;awokado
534;kukurydza
534;krakers
535;oliwki
535;burbon
535;cola
535;indyk
535;lody
535;karczoch
535;krakers
536;awokado
536;krakers
536;karczoch
536;heineken
536;szynka
536;papryka
536;stek
537;śledź
537;kukurydza
537;oliwki
537;szynka
537;indyk
537;burbon
537;sardynki
538;awokado
538;krakers
538;karczoch
538;heineken
538;szynka
538;papryka
538;lody
539;oliwki
539;burbon
539;cola
539;indyk
539;lody
539;stek
539;szynka
540;bagietka
540;śledź
540;awokado
540;karczoch
540;heineken
540;cola
540;lody
541;soda
541;oliwki
541;burbon
541;krakers
541;heineken
541;indyk
541;śledź
542;śledź
542;kukurydza
542;jabłka
542;oliwki
542;stek
542;szynka
542;bagietka
543;śledź
543;kukurydza
543;oliwki
543;szynka
543;indyk
543;heineken
543;soda
544;śledź
544;kukurydza
544;oliwki
544;szynka
544;indyk
544;papryka
544;bagietka
545;śledź
545;kukurydza
545;oliwki
545;szynka
545;indyk
545;cola
545;burbon
546;śledź
546;kukurydza
546;jabłka
546;oliwki
546;stek
546;sardynki
546;indyk
547;soda
547;oliwki
547;burbon
547;krakers
547;heineken
547;jabłka
547;karczoch
548;śledź
548;kukurydza
548;oliwki
548;szynka
548;indyk
548;heineken
548;krakers
549;awokado
549;krakers
549;karczoch
549;heineken
549;szynka
549;oliwki
549;cola
550;śledź
550;kukurydza
550;jabłka
550;oliwki
550;stek
550;soda
550;cola
551;bagietka
551;śledź
551;awokado
551;karczoch
551;heineken
551;szynka
551;lody
552;bagietka
552;śledź
552;awokado
552;karczoch
552;heineken
552;lody
552;stek
553;bagietka
553;soda
553;śledź
553;krakers
553;heineken
553;papryka
553;cola
554;kukurydza
554;papryka
554;burbon
554;krakers
554;kurczak
554;heineken
554;sardynki
555;sardynki
555;heineken
555;kurczak
555;cola
555;lody
555;oliwki
555;szynka
556;śledź
556;kukurydza
556;jabłka
556;oliwki
556;stek
556;awokado
556;szynka
557;śledź
557;kukurydza
557;jabłka
557;oliwki
557;stek
557;wino
557;karczoch
558;śledź
558;kukurydza
558;oliwki
558;szynka
558;indyk
558;burbon
558;krakers
559;bagietka
559;soda
559;śledź
559;krakers
559;heineken
559;sardynki
559;awokado
560;sardynki
560;heineken
560;kurczak
560;cola
560;lody
560;wino
560;stek
561;awokado
561;krakers
561;karczoch
561;heineken
561;szynka
561;wino
561;lody
562;sardynki
562;heineken
562;kurczak
562;cola
562;lody
562;soda
562;szynka
563;śledź
563;kukurydza
563;oliwki
563;szynka
563;indyk
563;bagietka
563;karczoch
564;bagietka
564;śledź
564;awokado
564;karczoch
564;heineken
564;papryka
564;papryka
565;bagietka
565;sardynki
565;jabłka
565;papryka
565;awokado
565;kukurydza
565;oliwki
566;bagietka
566;sardynki
566;jabłka
566;papryka
566;awokado
566;soda
566;oliwki
567;bagietka
567;soda
567;śledź
567;krakers
567;heineken
567;kurczak
567;oliwki
568;bagietka
568;soda
568;śledź
568;krakers
568;heineken
568;burbon
568;sardynki
569;sardynki
569;heineken
569;kurczak
569;cola
569;lody
569;burbon
569;soda
570;bagietka
570;soda
570;śledź
570;krakers
570;heineken
570;oliwki
570;awokado
571;sardynki
571;heineken
571;kurczak
571;cola
571;lody
571;awokado
571;oliwki
572;awokado
572;krakers
572;karczoch
572;heineken
572;szynka
572;burbon
572;lody
573;bagietka
573;soda
573;śledź
573;krakers
573;heineken
573;kurczak
573;stek
574;śledź
574;kukurydza
574;oliwki
574;szynka
574;indyk
574;karczoch
574;stek
575;bagietka
575;soda
575;śledź
575;krakers
575;heineken
575;jabłka
575;stek
576;bagietka
576;sardynki
576;jabłka
576;papryka
576;awokado
576;indyk
576;kukurydza
577;oliwki
577;burbon
577;cola
577;indyk
577;lody
577;wino
577;kukurydza
578;sardynki
578;heineken
578;kurczak
578;cola
578;lody
578;karczoch
578;stek
579;soda
579;oliwki
579;burbon
579;krakers
579;heineken
579;wino
579;kurczak
580;kukurydza
580;papryka
580;burbon
580;krakers
580;kurczak
580;cola
580;soda
581;śledź
581;kukurydza
581;oliwki
581;szynka
581;indyk
581;soda
581;krakers
582;śledź
582;kukurydza
582;jabłka
582;oliwki
582;stek
582;bagietka
582;papryka
583;bagietka
583;sardynki
583;jabłka
583;papryka
583;awokado
583;śledź
583;lody
584;kukurydza
584;papryka
584;burbon
584;krakers
584;kurczak
584;wino
584;lody
585;kukurydza
585;papryka
585;burbon
585;krakers
585;kurczak
585;stek
585;bagietka
586;kukurydza
586;papryka
586;burbon
586;krakers
586;kurczak
586;bagietka
586;szynka
587;bagietka
587;sardynki
587;jabłka
587;papryka
587;awokado
587;karczoch
587;krakers
588;kukurydza
588;papryka
588;burbon
588;krakers
588;kurczak
588;jabłka
588;bagietka
589;bagietka
589;sardynki
589;jabłka
589;papryka
589;awokado
589;burbon
589;burbon
590;śledź
590;kukurydza
590;oliwki
590;szynka
590;indyk
590;burbon
590;papryka
591;oliwki
591;burbon
591;cola
591;indyk
591;lody
591;papryka
591;soda
592;śledź
592;kukurydza
592;jabłka
592;oliwki
592;stek
592;burbon
592;awokado
593;awokado
593;krakers
593;karczoch
593;heineken
593;szynka
593;indyk
593;śledź
594;kukurydza
594;papryka
594;burbon
594;krakers
594;kurczak
594;szynka
594;stek
595;sardynki
595;heineken
595;kurczak
595;cola
595;lody
595;krakers
595;bagietka
596;sardynki
596;heineken
596;kurczak
596;cola
596;lody
596;oliwki
596;papryka
597;bagietka
597;soda
597;śledź
597;krakers
597;heineken
597;karczoch
597;papryka
598;bagietka
598;sardynki
598;jabłka
598;papryka
598;awokado
598;stek
598;oliwki
599;bagietka
599;soda
599;śledź
599;krakers
599;heineken
599;kurczak
599;kurczak
600;soda
600;oliwki
600;burbon
600;krakers
600;heineken
600;stek
600;śledź
601;oliwki
601;burbon
601;cola
601;indyk
601;lody
601;kukurydza
601;jabłka
602;śledź
602;kukurydza
602;jabłka
602;oliwki
602;stek
602;karczoch
602;sardynki
603;oliwki
603;burbon
603;cola
603;indyk
603;lody
603;szynka
603;jabłka
604;kukurydza
604;papryka
604;burbon
604;krakers
604;kurczak
604;bagietka
604;stek
605;sardynki
605;heineken
605;kurczak
605;cola
605;lody
605;wino
605;burbon
606;śledź
606;kukurydza
606;jabłka
606;oliwki
606;stek
606;burbon
606;cola
607;sardynki
607;heineken
607;kurczak
607;cola
607;lody
607;papryka
607;burbon
608;kukurydza
608;papryka
608;burbon
608;krakers
608;kurczak
608;szynka
608;stek
609;śledź
609;kukurydza
609;oliwki
609;szynka
609;indyk
609;cola
609;krakers
610;sardynki
610;heineken
610;kurczak
610;cola
610;lody
610;awokado
610;oliwki
611;sardynki
611;heineken
611;kurczak
611;cola
611;lody
611;kukurydza
611;indyk
612;bagietka
612;śledź
612;awokado
612;karczoch
612;heineken
612;kurczak
612;jabłka
613;awokado
613;krakers
613;karczoch
613;heineken
613;szynka
613;bagietka
613;cola
614;soda
614;oliwki
614;burbon
614;krakers
614;heineken
614;śledź
614;papryka
615;oliwki
615;burbon
615;cola
615;indyk
615;lody
615;sardynki
615;stek
616;soda
616;oliwki
616;burbon
616;krakers
616;heineken
616;papryka
616;kurczak
617;soda
617;oliwki
617;burbon
617;krakers
617;heineken
617;śledź
617;cola
618;soda
618;oliwki
618;burbon
618;krakers
618;heineken
618;kukurydza
618;stek
619;śledź
619;kukurydza
619;jabłka
619;oliwki
619;stek
619;awokado
619;papryka
620;oliwki
620;burbon
620;cola
620;indyk
620;lody
620;papryka
620;papryka
621;oliwki
621;burbon
621;cola
621;indyk
621;lody
621;śledź
621;karczoch
622;kukurydza
622;papryka
622;burbon
622;krakers
622;kurczak
622;indyk
622;jabłka
623;kukurydza
623;papryka
623;burbon
623;krakers
623;kurczak
623;bagietka
623;cola
624;soda
624;oliwki
624;burbon
624;krakers
624;heineken
624;śledź
624;cola
625;kukurydza
625;papryka
625;burbon
625;krakers
625;kurczak
625;soda
625;karczoch
626;oliwki
626;burbon
626;cola
626;indyk
626;lody
626;wino
626;krakers
627;bagietka
627;soda
627;śledź
627;krakers
627;heineken
627;jabłka
627;oliwki
628;bagietka
628;śledź
628;awokado
628;karczoch
628;heineken
628;lody
628;sardynki
629;bagietka
629;śledź
629;awokado
629;karczoch
629;heineken
629;kurczak
629;indyk
630;bagietka
630;soda
630;śledź
630;krakers
630;heineken
630;papryka
630;kurczak
631;soda
631;oliwki
631;burbon
631;krakers
631;heineken
631;papryka
631;indyk
632;oliwki
632;burbon
632;cola
632;indyk
632;lody
632;sardynki
632;jabłka
633;kukurydza
633;papryka
633;burbon
633;krakers
633;kurczak
633;wino
633;lody
634;bagietka
634;sardynki
634;jabłka
634;papryka
634;awokado
634;lody
634;lody
635;bagietka
635;śledź
635;awokado
635;karczoch
635;heineken
635;jabłka
635;soda
636;śledź
636;kukurydza
636;oliwki
636;szynka
636;indyk
636;bagietka
636;burbon
637;bagietka
637;soda
637;śledź
637;krakers
637;heineken
637;cola
637;lody
638;bagietka
638;śledź
638;awokado
638;karczoch
638;heineken
638;oliwki
638;kukurydza
639;awokado
639;krakers
639;karczoch
639;heineken
639;szynka
639;sardynki
639;sardynki
640;śledź
640;kukurydza
640;jabłka
640;oliwki
640;stek
640;sardynki
640;kurczak
641;bagietka
641;sardynki
641;jabłka
641;papryka
641;awokado
641;wino
641;karczoch
642;awokado
642;krakers
642;karczoch
642;heineken
642;szynka
642;sardynki
642;stek
643;bagietka
643;soda
643;śledź
643;krakers
643;heineken
643;indyk
643;karczoch
644;sardynki
644;heineken
644;kurczak
644;cola
644;lody
644;bagietka
644;karczoch
645;soda
645;oliwki
645;burbon
645;krakers
645;heineken
645;stek
645;kurczak
646;bagietka
646;sardynki
646;jabłka
646;papryka
646;awokado
646;stek
646;burbon
647;soda
647;oliwki
647;burbon
647;krakers
647;heineken
647;szynka
647;indyk
648;soda
648;oliwki
648;burbon
648;krakers
648;heineken
648;stek
648;bagietka
649;awokado
649;krakers
649;karczoch
649;heineken
649;szynka
649;burbon
649;jabłka
650;oliwki
650;burbon
650;cola
650;indyk
650;lody
650;soda
650;sardynki
651;bagietka
651;soda
651;śledź
651;krakers
651;heineken
651;kukurydza
651;awokado
652;oliwki
652;burbon
652;cola
652;indyk
652;lody
652;stek
652;karczoch
653;śledź
653;kukurydza
653;oliwki
653;szynka
653;indyk
653;lody
653;lody
654;oliwki
654;burbon
654;cola
654;indyk
654;lody
654;kurczak
654;krakers
655;bagietka
655;śledź
655;awokado
655;karczoch
655;heineken
655;cola
655;szynka
656;soda
656;oliwki
656;burbon
656;krakers
656;heineken
656;jabłka
656;karczoch
657;bagietka
657;sardynki
657;jabłka
657;papryka
657;awokado
657;stek
657;cola
658;awokado
658;krakers
658;karczoch
658;heineken
658;szynka
658;śledź
658;kurczak
659;oliwki
659;burbon
659;cola
659;indyk
659;lody
659;wino
659;jabłka
660;śledź
660;kukurydza
660;jabłka
660;oliwki
660;stek
660;kurczak
660;karczoch
661;sardynki
661;heineken
661;kurczak
661;cola
661;lody
661;krakers
661;jabłka
662;śledź
662;kukurydza
662;jabłka
662;oliwki
662;stek
662;krakers
662;papryka
663;bagietka
663;soda
663;śledź
663;krakers
663;heineken
663;oliwki
663;jabłka
664;śledź
664;kukurydza
664;jabłka
664;oliwki
664;stek
664;lody
664;soda
665;bagietka
665;śledź
665;awokado
665;karczoch
665;heineken
665;lody
665;soda
666;bagietka
666;sardynki
666;jabłka
666;papryka
666;awokado
666;lody
666;burbon
667;bagietka
667;śledź
667;awokado
667;karczoch
667;heineken
667;wino
667;papryka
668;kukurydza
668;papryka
668;burbon
668;krakers
668;kurczak
668;stek
668;bagietka
669;kukurydza
669;papryka
669;burbon
669;krakers
669;kurczak
669;jabłka
669;heineken
670;oliwki
670;burbon
670;cola
670;indyk
670;lody
670;sardynki
670;papryka
671;śledź
671;kukurydza
671;oliwki
671;szynka
671;indyk
671;burbon
671;heineken
672;oliwki
672;burbon
672;cola
672;indyk
672;lody
672;papryka
672;stek
673;bagietka
673;śledź
673;awokado
673;karczoch
673;heineken
673;sardynki
673;kukurydza
674;oliwki
674;burbon
674;cola
674;indyk
674;lody
674;bagietka
674;stek
675;soda
675;oliwki
675;burbon
675;krakers
675;heineken
675;sardynki
675;cola
676;śledź
676;kukurydza
676;jabłka
676;oliwki
676;stek
676;sardynki
676;papryka
677;sardynki
677;heineken
677;kurczak
677;cola
677;lody
677;szynka
677;awokado
678;awokado
678;krakers
678;karczoch
678;heineken
678;szynka
678;jabłka
678;lody
679;kukurydza
679;papryka
679;burbon
679;krakers
679;kurczak
679;awokado
679;soda
680;śledź
680;kukurydza
680;oliwki
680;szynka
680;indyk
680;jabłka
680;awokado
681;soda
681;oliwki
681;burbon
681;krakers
681;heineken
681;kukurydza
681;jabłka
682;śledź
682;kukurydza
682;jabłka
682;oliwki
682;stek
682;lody
682;karczoch
683;kukurydza
683;papryka
683;burbon
683;krakers
683;kurczak
683;stek
683;stek
684;kukurydza
684;papryka
684;burbon
684;krakers
684;kurczak
684;wino
684;lody
685;bagietka
685;soda
685;śledź
685;krakers
685;heineken
685;oliwki
685;lody
686;bagietka
686;sardynki
686;jabłka
686;papryka
686;awokado
686;soda
686;oliwki
687;soda
687;oliwki
687;burbon
687;krakers
687;heineken
687;śledź
687;kurczak
688;śledź
688;kukurydza
688;jabłka
688;oliwki
688;stek
688;lody
688;bagietka
689;kukurydza
689;papryka
689;burbon
689;krakers
689;kurczak
689;karczoch
689;karczoch
690;bagietka
690;śledź
690;awokado
690;karczoch
690;heineken
690;indyk
690;stek
691;śledź
691;kukurydza
691;jabłka
691;oliwki
691;stek
691;awokado
691;papryka
692;bagietka
692;sardynki
692;jabłka
692;papryka
692;awokado
692;cola
692;kurczak
693;bagietka
693;śledź
693;awokado
693;karczoch
693;heineken
693;sardynki
693;jabłka
694;bagietka
694;soda
694;śledź
694;krakers
694;heineken
694;papryka
694;kurczak
695;oliwki
695;burbon
695;cola
695;indyk
695;lody
695;stek
695;stek
696;awokado
696;krakers
696;karczoch
696;heineken
696;szynka
696;papryka
696;kukurydza
697;soda
697;oliwki
697;burbon
697;krakers
697;heineken
697;wino
697;karczoch
698;bagietka
698;soda
698;śledź
698;krakers
698;heineken
698;kurczak
698;indyk
699;soda
699;oliwki
699;burbon
699;krakers
699;heineken
699;karczoch
699;śledź
700;bagietka
700;sardynki
700;jabłka
700;papryka
700;awokado
700;śledź
700;burbon
701;awokado
701;krakers
701;karczoch
701;heineken
701;szynka
701;cola
701;sardynki
702;bagietka
702;sardynki
702;jabłka
702;papryka
702;awokado
702;burbon
702;soda
703;kukurydza
703;papryka
703;burbon
703;krakers
703;kurczak
703;awokado
703;sardynki
704;sardynki
704;heineken
704;kurczak
704;cola
704;lody
704;karczoch
704;burbon
705;bagietka
705;śledź
705;awokado
705;karczoch
705;heineken
705;jabłka
705;soda
706;awokado
706;krakers
706;karczoch
706;heineken
706;szynka
706;kukurydza
706;papryka
707;kukurydza
707;papryka
707;burbon
707;krakers
707;kurczak
707;stek
707;soda
708;bagietka
708;śledź
708;awokado
708;karczoch
708;heineken
708;wino
708;krakers
709;awokado
709;krakers
709;karczoch
709;heineken
709;szynka
709;lody
709;oliwki
710;śledź
710;kukurydza
710;oliwki
710;szynka
710;indyk
710;krakers
710;kurczak
711;sardynki
711;heineken
711;kurczak
711;cola
711;lody
711;bagietka
711;oliwki
712;sardynki
712;heineken
712;kurczak
712;cola
712;lody
712;karczoch
712;karczoch
713;śledź
713;kukurydza
713;oliwki
713;szynka
713;indyk
713;heineken
713;krakers
714;śledź
714;kukurydza
714;jabłka
714;oliwki
714;stek
714;sardynki
714;kurczak
715;awokado
715;krakers
715;karczoch
715;heineken
715;szynka
715;kukurydza
715;oliwki
716;oliwki
716;burbon
716;cola
716;indyk
716;lody
716;szynka
716;karczoch
717;kukurydza
717;papryka
717;burbon
717;krakers
717;kurczak
717;bagietka
717;heineken
718;śledź
718;kukurydza
718;oliwki
718;szynka
718;indyk
718;papryka
718;jabłka
719;śledź
719;kukurydza
719;oliwki
719;szynka
719;indyk
719;heineken
719;heineken
720;oliwki
720;burbon
720;cola
720;indyk
720;lody
720;szynka
720;bagietka
721;bagietka
721;śledź
721;awokado
721;karczoch
721;heineken
721;kukurydza
721;stek
722;bagietka
722;soda
722;śledź
722;krakers
722;heineken
722;awokado
722;stek
723;oliwki
723;burbon
723;cola
723;indyk
723;lody
723;heineken
723;bagietka
724;śledź
724;kukurydza
724;oliwki
724;szynka
724;indyk
724;krakers
724;awokado
725;awokado
725;krakers
725;karczoch
725;heineken
725;szynka
725;papryka
725;kukurydza
726;soda
726;oliwki
726;burbon
726;krakers
726;heineken
726;awokado
726;awokado
727;bagietka
727;soda
727;śledź
727;krakers
727;heineken
727;karczoch
727;indyk
728;oliwki
728;burbon
728;cola
728;indyk
728;lody
728;krakers
728;bagietka
729;sardynki
729;heineken
729;kurczak
729;cola
729;lody
729;bagietka
729;stek
730;bagietka
730;śledź
730;awokado
730;karczoch
730;heineken
730;oliwki
730;krakers
731;śledź
731;kukurydza
731;oliwki
731;szynka
731;indyk
731;kurczak
731;sardynki
732;awokado
732;krakers
732;karczoch
732;heineken
732;szynka
732;jabłka
732;bagietka
733;soda
733;oliwki
733;burbon
733;krakers
733;heineken
733;stek
733;kukurydza
734;śledź
734;kukurydza
734;oliwki
734;szynka
734;indyk
734;wino
734;stek
735;bagietka
735;soda
735;śledź
735;krakers
735;heineken
735;wino
735;papryka
736;oliwki
736;burbon
736;cola
736;indyk
736;lody
736;papryka
736;papryka
737;awokado
737;krakers
737;karczoch
737;heineken
737;szynka
737;indyk
737;kukurydza
738;bagietka
738;śledź
738;awokado
738;karczoch
738;heineken
738;kurczak
738;burbon
739;kukurydza
739;papryka
739;burbon
739;krakers
739;kurczak
739;stek
739;lody
740;soda
740;oliwki
740;burbon
740;krakers
740;heineken
740;lody
740;papryka
741;bagietka
741;soda
741;śledź
741;krakers
741;heineken
741;cola
741;cola
742;śledź
742;kukurydza
742;jabłka
742;oliwki
742;stek
742;sardynki
742;krakers
743;bagietka
743;soda
743;śledź
743;krakers
743;heineken
743;oliwki
743;jabłka
744;awokado
744;krakers
744;karczoch
744;heineken
744;szynka
744;wino
744;oliwki
745;śledź
745;kukurydza
745;jabłka
745;oliwki
745;stek
745;wino
745;szynka
746;bagietka
746;śledź
746;awokado
746;karczoch
746;heineken
746;jabłka
746;burbon
747;soda
747;oliwki
747;burbon
747;krakers
747;heineken
747;papryka
747;stek
748;bagietka
748;soda
748;śledź
748;krakers
748;heineken
748;oliwki
748;awokado
749;oliwki
749;burbon
749;cola
749;indyk
749;lody
749;bagietka
749;jabłka
750;soda
750;oliwki
750;burbon
750;krakers
750;heineken
750;indyk
750;śledź
751;bagietka
751;śledź
751;awokado
751;karczoch
751;heineken
751;kukurydza
751;krakers
752;śledź
752;kukurydza
752;jabłka
752;oliwki
752;stek
752;szynka
752;heineken
753;kukurydza
753;papryka
753;burbon
753;krakers
753;kurczak
753;karczoch
753;heineken
754;bagietka
754;soda
754;śledź
754;krakers
754;heineken
754;awokado
754;stek
755;śledź
755;kukurydza
755;oliwki
755;szynka
755;indyk
755;stek
755;awokado
756;sardynki
756;heineken
756;kurczak
756;cola
756;lody
756;soda
756;karczoch
757;oliwki
757;burbon
757;cola
757;indyk
757;lody
757;stek
757;heineken
758;śledź
758;kukurydza
758;jabłka
758;oliwki
758;stek
758;karczoch
758;kurczak
759;kukurydza
759;papryka
759;burbon
759;krakers
759;kurczak
759;soda
759;śledź
760;sardynki
760;heineken
760;kurczak
760;cola
760;lody
760;szynka
760;szynka
761;sardynki
761;heineken
761;kurczak
761;cola
761;lody
761;śledź
761;kukurydza
762;sardynki
762;heineken
762;kurczak
762;cola
762;lody
762;jabłka
762;jabłka
763;kukurydza
763;papryka
763;burbon
763;krakers
763;kurczak
763;jabłka
763;oliwki
764;śledź
764;kukurydza
764;oliwki
764;szynka
764;indyk
764;burbon
764;kurczak
765;soda
765;oliwki
765;burbon
765;krakers
765;heineken
765;cola
765;jabłka
766;bagietka
766;sardynki
766;jabłka
766;papryka
766;awokado
766;karczoch
766;karczoch
767;bagietka
767;soda
767;śledź
767;krakers
767;heineken
767;karczoch
767;awokado
768;bagietka
768;sardynki
768;jabłka
768;papryka
768;awokado
768;heineken
768;cola
769;śledź
769;kukurydza
769;oliwki
769;szynka
769;indyk
769;bagietka
769;awokado
770;soda
770;oliwki
770;burbon
770;krakers
770;heineken
770;wino
770;lody
771;bagietka
771;sardynki
771;jabłka
771;papryka
771;awokado
771;szynka
771;śledź
772;śledź
772;kukurydza
772;oliwki
772;szynka
772;indyk
772;heineken
772;sardynki
773;awokado
773;krakers
773;karczoch
773;heineken
773;szynka
773;śledź
773;oliwki
774;soda
774;oliwki
774;burbon
774;krakers
774;heineken
774;papryka
774;karczoch
775;bagietka
775;sardynki
775;jabłka
775;papryka
775;awokado
775;kukurydza
775;cola
776;sardynki
776;heineken
776;kurczak
776;cola
776;lody
776;jabłka
776;szynka
777;kukurydza
777;papryka
777;burbon
777;krakers
777;kurczak
777;cola
777;śledź
778;bagietka
778;śledź
778;awokado
778;karczoch
778;heineken
778;wino
778;krakers
779;oliwki
779;burbon
779;cola
779;indyk
779;lody
779;jabłka
779;karczoch
780;bagietka
780;śledź
780;awokado
780;karczoch
780;heineken
780;stek
780;stek
781;bagietka
781;soda
781;śledź
781;krakers
781;heineken
781;szynka
781;sardynki
782;śledź
782;kukurydza
782;oliwki
782;szynka
782;indyk
782;papryka
782;lody
783;soda
783;oliwki
783;burbon
783;krakers
783;heineken
783;śledź
783;bagietka
784;bagietka
784;śledź
784;awokado
784;karczoch
784;heineken
784;cola
784;stek
785;sardynki
785;heineken
785;kurczak
785;cola
785;lody
785;burbon
785;karczoch
786;soda
786;oliwki
786;burbon
786;krakers
786;heineken
786;lody
786;lody
787;awokado
787;krakers
787;karczoch
787;heineken
787;szynka
787;indyk
787;śledź
788;śledź
788;kukurydza
788;jabłka
788;oliwki
788;stek
788;wino
788;krakers
789;śledź
789;kukurydza
789;oliwki
789;szynka
789;indyk
789;heineken
789;burbon
790;bagietka
790;soda
790;śledź
790;krakers
790;heineken
790;lody
790;jabłka
791;sardynki
791;heineken
791;kurczak
791;cola
791;lody
791;wino
791;indyk
792;oliwki
792;burbon
792;cola
792;indyk
792;lody
792;sardynki
792;szynka
793;oliwki
793;burbon
793;cola
793;indyk
793;lody
793;śledź
793;krakers
794;śledź
794;kukurydza
794;jabłka
794;oliwki
794;stek
794;bagietka
794;lody
795;bagietka
795;soda
795;śledź
795;krakers
795;heineken
795;wino
795;lody
796;awokado
796;krakers
796;karczoch
796;heineken
796;szynka
796;indyk
796;sardynki
797;soda
797;oliwki
797;burbon
797;krakers
797;heineken
797;papryka
797;kurczak
798;bagietka
798;sardynki
798;jabłka
798;papryka
798;awokado
798;indyk
798;krakers
799;bagietka
799;soda
799;śledź
799;krakers
799;heineken
799;awokado
799;szynka
800;oliwki
800;burbon
800;cola
800;indyk
800;lody
800;soda
800;jabłka
801;bagietka
801;śledź
801;awokado
801;karczoch
801;heineken
801;indyk
801;kurczak
802;śledź
802;kukurydza
802;jabłka
802;oliwki
802;stek
802;burbon
802;burbon
803;awokado
803;krakers
803;karczoch
803;heineken
803;szynka
803;soda
803;papryka
804;bagietka
804;śledź
804;awokado
804;karczoch
804;heineken
804;krakers
804;krakers
805;kukurydza
805;papryka
805;burbon
805;krakers
805;kurczak
805;bagietka
805;soda
806;bagietka
806;soda
806;śledź
806;krakers
806;heineken
806;burbon
806;lody
807;awokado
807;krakers
807;karczoch
807;heineken
807;szynka
807;sardynki
807;kukurydza
808;śledź
808;kukurydza
808;oliwki
808;szynka
808;indyk
808;burbon
808;soda
809;oliwki
809;burbon
809;cola
809;indyk
809;lody
809;soda
809;kukurydza
810;bagietka
810;sardynki
810;jabłka
810;papryka
810;awokado
810;śledź
810;szynka
811;awokado
811;krakers
811;karczoch
811;heineken
811;szynka
811;oliwki
811;burbon
812;bagietka
812;sardynki
812;jabłka
812;papryka
812;awokado
812;cola
812;kukurydza
813;sardynki
813;heineken
813;kurczak
813;cola
813;lody
813;śledź
813;karczoch
814;soda
814;oliwki
814;burbon
814;krakers
814;heineken
814;bagietka
814;śledź
815;bagietka
815;sardynki
815;jabłka
815;papryka
815;awokado
815;karczoch
815;heineken
816;oliwki
816;burbon
816;cola
816;indyk
816;lody
816;szynka
816;kukurydza
817;kukurydza
817;papryka
817;burbon
817;krakers
817;kurczak
817;bagietka
817;jabłka
818;soda
818;oliwki
818;burbon
818;krakers
818;heineken
818;jabłka
818;jabłka
819;bagietka
819;śledź
819;awokado
819;karczoch
819;heineken
819;krakers
819;sardynki
820;soda
820;oliwki
820;burbon
820;krakers
820;heineken
820;bagietka
820;kurczak
821;śledź
821;kukurydza
821;jabłka
821;oliwki
821;stek
821;sardynki
821;soda
822;bagietka
822;soda
822;śledź
822;krakers
822;heineken
822;awokado
822;kurczak
823;bagietka
823;śledź
823;awokado
823;karczoch
823;heineken
823;jabłka
823;jabłka
824;bagietka
824;sardynki
824;jabłka
824;papryka
824;awokado
824;heineken
824;lody
825;bagietka
825;soda
825;śledź
825;krakers
825;heineken
825;cola
825;cola
826;sardynki
826;heineken
826;kurczak
826;cola
826;lody
826;krakers
826;jabłka
827;bagietka
827;soda
827;śledź
827;krakers
827;heineken
827;stek
827;kurczak
828;awokado
828;krakers
828;karczoch
828;heineken
828;szynka
828;stek
828;stek
829;bagietka
829;śledź
829;awokado
829;karczoch
829;heineken
829;szynka
829;kurczak
830;kukurydza
830;papryka
830;burbon
830;krakers
830;kurczak
830;heineken
830;karczoch
831;śledź
831;kukurydza
831;oliwki
831;szynka
831;indyk
831;wino
831;bagietka
832;kukurydza
832;papryka
832;burbon
832;krakers
832;kurczak
832;heineken
832;indyk
833;bagietka
833;soda
833;śledź
833;krakers
833;heineken
833;karczoch
833;kurczak
834;sardynki
834;heineken
834;kurczak
834;cola
834;lody
834;jabłka
834;szynka
835;oliwki
835;burbon
835;cola
835;indyk
835;lody
835;śledź
835;sardynki
836;bagietka
836;soda
836;śledź
836;krakers
836;heineken
836;jabłka
836;sardynki
837;bagietka
837;śledź
837;awokado
837;karczoch
837;heineken
837;jabłka
837;jabłka
838;bagietka
838;śledź
838;awokado
838;karczoch
838;heineken
838;wino
838;szynka
839;awokado
839;krakers
839;karczoch
839;heineken
839;szynka
839;oliwki
839;stek
840;bagietka
840;soda
840;śledź
840;krakers
840;heineken
840;kurczak
840;lody
841;bagietka
841;soda
841;śledź
841;krakers
841;heineken
841;burbon
841;oliwki
842;sardynki
842;heineken
842;kurczak
842;cola
842;lody
842;krakers
842;szynka
843;awokado
843;krakers
843;karczoch
843;heineken
843;szynka
843;cola
843;soda
844;kukurydza
844;papryka
844;burbon
844;krakers
844;kurczak
844;soda
844;oliwki
845;bagietka
845;sardynki
845;jabłka
845;papryka
845;awokado
845;burbon
845;burbon
846;śledź
846;kukurydza
846;oliwki
846;szynka
846;indyk
846;kurczak
846;jabłka
847;sardynki
847;heineken
847;kurczak
847;cola
847;lody
847;bagietka
847;burbon
848;bagietka
848;soda
848;śledź
848;krakers
848;heineken
848;kukurydza
848;karczoch
849;oliwki
849;burbon
849;cola
849;indyk
849;lody
849;bagietka
849;heineken
850;awokado
850;krakers
850;karczoch
850;heineken
850;szynka
850;wino
850;papryka
851;śledź
851;kukurydza
851;oliwki
851;szynka
851;indyk
851;cola
851;jabłka
852;sardynki
852;heineken
852;kurczak
852;cola
852;lody
852;papryka
852;oliwki
853;śledź
853;kukurydza
853;oliwki
853;szynka
853;indyk
853;karczoch
853;bagietka
854;soda
854;oliwki
854;burbon
854;krakers
854;heineken
854;śledź
854;stek
855;oliwki
855;burbon
855;cola
855;indyk
855;lody
855;karczoch
855;szynka
856;bagietka
856;sardynki
856;jabłka
856;papryka
856;awokado
856;stek
856;kukurydza
857;sardynki
857;heineken
857;kurczak
857;cola
857;lody
857;jabłka
857;karczoch
858;śledź
858;kukurydza
858;oliwki
858;szynka
858;indyk
858;lody
858;stek
859;śledź
859;kukurydza
859;jabłka
859;oliwki
859;stek
859;wino
859;indyk
860;kukurydza
860;papryka
860;burbon
860;krakers
860;kurczak
860;bagietka
860;karczoch
861;bagietka
861;sardynki
861;jabłka
861;papryka
861;awokado
861;krakers
861;heineken
862;śledź
862;kukurydza
862;oliwki
862;szynka
862;indyk
862;awokado
862;karczoch
863;oliwki
863;burbon
863;cola
863;indyk
863;lody
863;stek
863;soda
864;śledź
864;kukurydza
864;oliwki
864;szynka
864;indyk
864;stek
864;heineken
865;sardynki
865;heineken
865;kurczak
865;cola
865;lody
865;soda
865;jabłka
866;soda
866;oliwki
866;burbon
866;krakers
866;heineken
866;indyk
866;sardynki
867;śledź
867;kukurydza
867;jabłka
867;oliwki
867;stek
867;krakers
867;sardynki
868;bagietka
868;sardynki
868;jabłka
868;papryka
868;awokado
868;cola
868;lody
869;awokado
869;krakers
869;karczoch
869;heineken
869;szynka
869;wino
869;śledź
870;śledź
870;kukurydza
870;jabłka
870;oliwki
870;stek
870;szynka
870;szynka
871;kukurydza
871;papryka
871;burbon
871;krakers
871;kurczak
871;heineken
871;sardynki
872;śledź
872;kukurydza
872;oliwki
872;szynka
872;indyk
872;karczoch
872;burbon
873;śledź
873;kukurydza
873;jabłka
873;oliwki
873;stek
873;szynka
873;cola
874;śledź
874;kukurydza
874;oliwki
874;szynka
874;indyk
874;jabłka
874;burbon
875;bagietka
875;soda
875;śledź
875;krakers
875;heineken
875;karczoch
875;indyk
876;sardynki
876;heineken
876;kurczak
876;cola
876;lody
876;burbon
876;oliwki
877;awokado
877;krakers
877;karczoch
877;heineken
877;szynka
877;wino
877;kukurydza
878;śledź
878;kukurydza
878;oliwki
878;szynka
878;indyk
878;sardynki
878;stek
879;sardynki
879;heineken
879;kurczak
879;cola
879;lody
879;oliwki
879;kukurydza
880;soda
880;oliwki
880;burbon
880;krakers
880;heineken
880;kurczak
880;jabłka
881;sardynki
881;heineken
881;kurczak
881;cola
881;lody
881;śledź
881;burbon
882;sardynki
882;heineken
882;kurczak
882;cola
882;lody
882;burbon
882;papryka
883;śledź
883;kukurydza
883;jabłka
883;oliwki
883;stek
883;wino
883;bagietka
884;awokado
884;krakers
884;karczoch
884;heineken
884;szynka
884;soda
884;burbon
885;bagietka
885;śledź
885;awokado
885;karczoch
885;heineken
885;oliwki
885;oliwki
886;kukurydza
886;papryka
886;burbon
886;krakers
886;kurczak
886;karczoch
886;śledź
887;oliwki
887;burbon
887;cola
887;indyk
887;lody
887;soda
887;sardynki
888;sardynki
888;heineken
888;kurczak
888;cola
888;lody
888;papryka
888;krakers
889;awokado
889;krakers
889;karczoch
889;heineken
889;szynka
889;jabłka
889;papryka
890;bagietka
890;śledź
890;awokado
890;karczoch
890;heineken
890;oliwki
890;kurczak
891;bagietka
891;śledź
891;awokado
891;karczoch
891;heineken
891;burbon
891;kukurydza
892;kukurydza
892;papryka
892;burbon
892;krakers
892;kurczak
892;jabłka
892;soda
893;soda
893;oliwki
893;burbon
893;krakers
893;heineken
893;lody
893;jabłka
894;bagietka
894;śledź
894;awokado
894;karczoch
894;heineken
894;stek
894;kurczak
895;bagietka
895;sardynki
895;jabłka
895;papryka
895;awokado
895;lody
895;soda
896;sardynki
896;heineken
896;kurczak
896;cola
896;lody
896;karczoch
896;kukurydza
897;sardynki
897;heineken
897;kurczak
897;cola
897;lody
897;bagietka
897;karczoch
898;awokado
898;krakers
898;karczoch
898;heineken
898;szynka
898;kukurydza
898;burbon
899;bagietka
899;soda
899;śledź
899;krakers
899;heineken
899;sardynki
899;papryka
900;sardynki
900;heineken
900;kurczak
900;cola
900;lody
900;papryka
900;burbon
901;bagietka
901;sardynki
901;jabłka
901;papryka
901;awokado
901;cola
901;stek
902;bagietka
902;soda
902;śledź
902;krakers
902;heineken
902;jabłka
902;kurczak
903;soda
903;oliwki
903;burbon
903;krakers
903;heineken
903;papryka
903;jabłka
904;soda
904;oliwki
904;burbon
904;krakers
904;heineken
904;indyk
904;śledź
905;soda
905;oliwki
905;burbon
905;krakers
905;heineken
905;indyk
905;awokado
906;śledź
906;kukurydza
906;jabłka
906;oliwki
906;stek
906;kurczak
906;karczoch
907;bagietka
907;sardynki
907;jabłka
907;papryka
907;awokado
907;oliwki
907;indyk
908;śledź
908;kukurydza
908;oliwki
908;szynka
908;indyk
908;kurczak
908;papryka
909;bagietka
909;soda
909;śledź
909;krakers
909;heineken
909;awokado
909;stek
910;sardynki
910;heineken
910;kurczak
910;cola
910;lody
910;stek
910;szynka
911;śledź
911;kukurydza
911;jabłka
911;oliwki
911;stek
911;cola
911;heineken
912;śledź
912;kukurydza
912;jabłka
912;oliwki
912;stek
912;papryka
912;lody
913;śledź
913;kukurydza
913;jabłka
913;oliwki
913;stek
913;szynka
913;heineken
914;soda
914;oliwki
914;burbon
914;krakers
914;heineken
914;bagietka
914;karczoch
915;śledź
915;kukurydza
915;jabłka
915;oliwki
915;stek
915;indyk
915;bagietka
916;awokado
916;krakers
916;karczoch
916;heineken
916;szynka
916;stek
916;stek
917;bagietka
917;śledź
917;awokado
917;karczoch
917;heineken
917;wino
917;cola
918;bagietka
918;soda
918;śledź
918;krakers
918;heineken
918;jabłka
918;karczoch
919;bagietka
919;śledź
919;awokado
919;karczoch
919;heineken
919;oliwki
919;krakers
920;sardynki
920;heineken
920;kurczak
920;cola
920;lody
920;stek
920;krakers
921;awokado
921;krakers
921;karczoch
921;heineken
921;szynka
921;lody
921;jabłka
922;sardynki
922;heineken
922;kurczak
922;cola
922;lody
922;burbon
922;indyk
923;soda
923;oliwki
923;burbon
923;krakers
923;heineken
923;sardynki
923;awokado
924;bagietka
924;sardynki
924;jabłka
924;papryka
924;awokado
924;burbon
924;cola
925;soda
925;oliwki
925;burbon
925;krakers
925;heineken
925;śledź
925;śledź
926;bagietka
926;sardynki
926;jabłka
926;papryka
926;awokado
926;kurczak
926;śledź
927;oliwki
927;burbon
927;cola
927;indyk
927;lody
927;krakers
927;bagietka
928;bagietka
928;sardynki
928;jabłka
928;papryka
928;awokado
928;burbon
928;oliwki
929;sardynki
929;heineken
929;kurczak
929;cola
929;lody
929;karczoch
929;indyk
930;śledź
930;kukurydza
930;oliwki
930;szynka
930;indyk
930;soda
930;soda
931;sardynki
931;heineken
931;kurczak
931;cola
931;lody
931;wino
931;oliwki
932;kukurydza
932;papryka
932;burbon
932;krakers
932;kurczak
932;śledź
932;stek
933;sardynki
933;heineken
933;kurczak
933;cola
933;lody
933;kukurydza
933;stek
934;śledź
934;kukurydza
934;oliwki
934;szynka
934;indyk
934;kurczak
934;burbon
935;śledź
935;kukurydza
935;jabłka
935;oliwki
935;stek
935;indyk
935;lody
936;bagietka
936;śledź
936;awokado
936;karczoch
936;heineken
936;indyk
936;indyk
937;bagietka
937;sardynki
937;jabłka
937;papryka
937;awokado
937;lody
937;oliwki
938;soda
938;oliwki
938;burbon
938;krakers
938;heineken
938;bagietka
938;papryka
939;bagietka
939;śledź
939;awokado
939;karczoch
939;heineken
939;burbon
939;stek
940;bagietka
940;sardynki
940;jabłka
940;papryka
940;awokado
940;burbon
940;burbon
941;bagietka
941;soda
941;śledź
941;krakers
941;heineken
941;stek
941;kukurydza
942;awokado
942;krakers
942;karczoch
942;heineken
942;szynka
942;indyk
942;kurczak
943;bagietka
943;sardynki
943;jabłka
943;papryka
943;awokado
943;burbon
943;kurczak
944;sardynki
944;heineken
944;kurczak
944;cola
944;lody
944;awokado
944;krakers
945;bagietka
945;sardynki
945;jabłka
945;papryka
945;awokado
945;cola
945;krakers
946;soda
946;oliwki
946;burbon
946;krakers
946;heineken
946;indyk
946;karczoch
947;bagietka
947;soda
947;śledź
947;krakers
947;heineken
947;stek
947;oliwki
948;sardynki
948;heineken
948;kurczak
948;cola
948;lody
948;wino
948;krakers
949;oliwki
949;burbon
949;cola
949;indyk
949;lody
949;szynka
949;karczoch
950;bagietka
950;soda
950;śledź
950;krakers
950;heineken
950;cola
950;awokado
951;bagietka
951;soda
951;śledź
951;krakers
951;heineken
951;stek
951;sardynki
952;bagietka
952;soda
952;śledź
952;krakers
952;heineken
952;kurczak
952;kukurydza
953;bagietka
953;soda
953;śledź
953;krakers
953;heineken
953;sardynki
953;karczoch
954;śledź
954;kukurydza
954;oliwki
954;szynka
954;indyk
954;burbon
954;soda
955;soda
955;oliwki
955;burbon
955;krakers
955;heineken
955;kukurydza
955;śledź
956;kukurydza
956;papryka
956;burbon
956;krakers
956;kurczak
956;soda
956;oliwki
957;sardynki
957;heineken
957;kurczak
957;cola
957;lody
957;oliwki
957;krakers
958;kukurydza
958;papryka
958;burbon
958;krakers
958;kurczak
958;heineken
958;jabłka
959;śledź
959;kukurydza
959;oliwki
959;szynka
959;indyk
959;soda
959;burbon
960;soda
960;oliwki
960;burbon
960;krakers
960;heineken
960;cola
960;lody
961;soda
961;oliwki
961;burbon
961;krakers
961;heineken
961;sardynki
961;papryka
962;bagietka
962;sardynki
962;jabłka
962;papryka
962;awokado
962;lody
962;cola
963;kukurydza
963;papryka
963;burbon
963;krakers
963;kurczak
963;karczoch
963;karczoch
964;śledź
964;kukurydza
964;oliwki
964;szynka
964;indyk
964;heineken
964;karczoch
965;kukurydza
965;papryka
965;burbon
965;krakers
965;kurczak
965;heineken
965;indyk
966;bagietka
966;soda
966;śledź
966;krakers
966;heineken
966;indyk
966;burbon
967;bagietka
967;śledź
967;awokado
967;karczoch
967;heineken
967;jabłka
967;kukurydza
968;śledź
968;kukurydza
968;oliwki
968;szynka
968;indyk
968;papryka
968;sardynki
969;sardynki
969;heineken
969;kurczak
969;cola
969;lody
969;szynka
969;bagietka
970;śledź
970;kukurydza
970;oliwki
970;szynka
970;indyk
970;karczoch
970;bagietka
971;kukurydza
971;papryka
971;burbon
971;krakers
971;kurczak
971;cola
971;jabłka
972;bagietka
972;soda
972;śledź
972;krakers
972;heineken
972;lody
972;cola
973;bagietka
973;sardynki
973;jabłka
973;papryka
973;awokado
973;burbon
973;lody
974;bagietka
974;soda
974;śledź
974;krakers
974;heineken
974;szynka
974;burbon
975;awokado
975;krakers
975;karczoch
975;heineken
975;szynka
975;stek
975;śledź
976;oliwki
976;burbon
976;cola
976;indyk
976;lody
976;kukurydza
976;krakers
977;awokado
977;krakers
977;karczoch
977;heineken
977;szynka
977;jabłka
977;śledź
978;śledź
978;kukurydza
978;jabłka
978;oliwki
978;stek
978;kurczak
978;awokado
979;bagietka
979;śledź
979;awokado
979;karczoch
979;heineken
979;burbon
979;burbon
980;bagietka
980;soda
980;śledź
980;krakers
980;heineken
980;stek
980;karczoch
981;oliwki
981;burbon
981;cola
981;indyk
981;lody
981;karczoch
981;szynka
982;bagietka
982;soda
982;śledź
982;krakers
982;heineken
982;burbon
982;papryka
983;sardynki
983;heineken
983;kurczak
983;cola
983;lody
983;szynka
983;soda
984;oliwki
984;burbon
984;cola
984;indyk
984;lody
984;jabłka
984;sardynki
985;soda
985;oliwki
985;burbon
985;krakers
985;heineken
985;cola
985;szynka
986;soda
986;oliwki
986;burbon
986;krakers
986;heineken
986;cola
986;bagietka
987;bagietka
987;soda
987;śledź
987;krakers
987;heineken
987;kurczak
987;papryka
988;soda
988;oliwki
988;burbon
988;krakers
988;heineken
988;kukurydza
988;kurczak
989;śledź
989;kukurydza
989;jabłka
989;oliwki
989;stek
989;indyk
989;lody
990;sardynki
990;heineken
990;kurczak
990;cola
990;lody
990;śledź
990;oliwki
991;oliwki
991;burbon
991;cola
991;indyk
991;lody
991;jabłka
991;soda
992;awokado
992;krakers
992;karczoch
992;heineken
992;szynka
992;kurczak
992;kurczak
993;śledź
993;kukurydza
993;jabłka
993;oliwki
993;stek
993;krakers
993;karczoch
994;bagietka
994;śledź
994;awokado
994;karczoch
994;heineken
994;kurczak
994;jabłka
995;bagietka
995;soda
995;śledź
995;krakers
995;heineken
995;lody
995;stek
996;awokado
996;krakers
996;karczoch
996;heineken
996;szynka
996;kurczak
996;burbon
997;śledź
997;kukurydza
997;oliwki
997;szynka
997;indyk
997;bagietka
997;jabłka
998;bagietka
998;soda
998;śledź
998;krakers
998;heineken
998;sardynki
998;sardynki
999;sardynki
999;heineken
999;kurczak
999;cola
999;lody
999;kukurydza
999;papryka
1000;śledź
1000;kukurydza
1000;jabłka
1000;oliwki
1000;stek
1000;burbon
1000;heineken
